AGENCY,ABL01000
AGENCY,ABL04600
AGENCY,ABL04610
AGENCY,ABL04620
AGENCY,ABL04630
AGENCY,ABL04640
AGENCY,ABL04650
AGENCY,ABL04660
AGENCY,ABL04670
AGENCY,ABL04680
AGENCY,ABL04690
AGENCY,ABL04700
AGENCY,ABL04710
AGENCY,ABL04720
AGENCY,ABL04730
AGENCY,ABL04800
AGENCY,ABL05000
AGENCY,ABL07300
AGENCY,ABL12300
AGENCY,ABL12500
AGENCY,ABL12600
AGENCY,ABS14000
AGENCY,ABS15000
AGENCY,ABS15050
AGENCY,ABX05100
AGENCY,ABX09000
AGENCY,ABX10100
AGENCY,ABX12000
AGENCY,ABX13000
AGENCY,ABX16000
AGENCY,ABX17000
DAILY,ABX24000
DAILY,ABX24100
BCHDATE,ACCTDATE
DATESCH,ACCTDAT2
BCHDATE,ACCTDAT3
AGENCY,ACC00500
AGENCY,ACC01000
AGENCY,ACC02000
AGENCY,ACC03000
AGENCY,ACC04000
AGENCY,ACC05000
AGENCY,ACC05400
AGENCY,ACC05500
AGENCY,ACC05600
AGENCY,ACC05700
AGENCY,ACC05800
AGENCY,ACC06000
AGENCY,ACC06100
AGENCY,ACC06200
AGENCY,ACC06300
AGENCY,ACC10000
AGENCY,ACC10000.EOM
AGENCY,ACC10900
AGENCY,ACC10910
AGENCY,ACC20000
AGENCY,ACC30000
AUTOSCL,ACPYCASH
AUTOSCL,ACPYCLMS
AUTOSCL,ACPYPREM
AGENCY,AGB01000
AGENCY,AGB02000
AGENCY,AGB02100
AGENCY,AGCD6500
DATESCH,AGC00000
AGENCY,AGC11000
PAYVIST,A AGNTSEND
AGENCY,AGS01200
IVANS,AIC00500
IVANS,AIC01000
IVANS,AIC03000
ECOM,AIR10100
ECOM,AIR10200
ECOM,AIR10400
IVANS,AIS02100
IVANS,AIS02200
IVANS,AIS02300
IVANS,AIS02400
IVANS,AIS02500
AUTOSCL,AMPB010
AUTOSCL,AMPB030
AUTOSCL,AMPB060
AUTOSCL,AMPB100D
AUTOSCL,AMPB120F
AUTOSCL,AMPB120P
AUTOSCL,AMPB170
AUTOSCL,AMPB200
AUTOSCL,AMPB230
AGENCY,AOU00820
AGENCY,AOU00821
CWSP,APCONVER
CWSIMMD,APCONVER.CWS
CWSP,APEXTTRT
CWSP,APFLCLEN
CWSIMMD,APIMMDTE
HORPREF,APLHORPR.BEG
CWSIMMD,APRECON0
CWSP,APRECON1
CWSP,APRECON2
CWSP,APRECON3
CWSP,APRECON4
CWSP,APRECPAY
BCHDATE,AUTODATE
ECOM,AUTONEWB
LIFE,A00CRDED
LIFE,A00SAS
LIFE,A4100
LIFE,A4500
LIFE,A5500
LIFE,A5800
LIFE,A5801
LIFE,A6000
BCHDATE,BCH00001
CAMRA,BECONNX
CWSIMMD,BEGIN.CWSIMM
PAYROLL,BEGIN.PAYSTU
REINS,BETR010P
REINS,BETR020P
REINS,BETR030P
REINS,BETR040P
REINS,BETR050P
REINS,BETR083P
REINS,BETR085P
REINS,BETR088P
REINS,BETR090P
REINS,BETR100P
REINS,BETR110P
REINS,BETR115P
REINS,BETR120P
REINS,BETR130P
REINS,BETR135P
REINS,BETR140P
REINS,BETR155P
REINS,BETR160P
REINS,BETR166P
REINS,BETR167P
REINS,BETR170P
REINS,BETR175P
REINS,BETR180P
REINS,BETR185P
REINS,BETR700P
REINS,BETR705P
REINS,BETR710P
REINS,BETR715P
REINS,BETR720P
REINS,BETR725P
REINS,BETR730P
REINS,BETR735P
REINS,BETR740P
REINS,BETR745P
REINS,BETR800P
REINS,BETR830P.AM
REINS,BETR830P.PM
REINS,BETR831P.AM
REINS,BETR831P.PM
REINS,BETR850P
LIFE,BLDCOR
LIFE,BLDCVL
LIFE,BLDIAF
BMTINIT,BMHUPD01
BRPRECV,BRPCATSD
BRPRECV,BRPCATSY
RMMXNET,BRPDUMP
BRPRECV,BRPFDEBE
BRPRECV,BRPFDEBV
RMMXNET,BRPRACFC
RMMXNET,BRPRNGMN
BRPRECV,BRPVOLCS
BRPRECV,BRPXPTR
RMMXNET,BUDMPBRP
DAILY,BUDMPDAP
DAILY,BUDMPFC1.FUL
DAILY,BUDMPFC2.FUL
DAILY,BUDMPFC3
DAILY,BUDMPFC4
DAILY,BUDMPT01
RMMXNET,BUDMP002
DAILY,BUDMP003
DAILY,BUINCT01
DAILY,BUINC001
RMMXNET,BUINC002
ECOM,CACBT001
ECOM,CACBT002.AM
ECOM,CACBT002.PM
ECOM,CACBT003
ECOM,CACEM001.01
ECOM,CACEM001.02
AUTOSCL,CACPSA01
LIFE,CACPSL01
OLINES,CACPSO01
AUTOSCL,CACPSS01
CAMRA,CAMARCH
CAMRA,CAMRA
CAMRA,CAMRAEXT
ECOM,CASITEMP
DAILY,CHA00100
DAILY,CHA00200
PAYROLL,CHECK.DATES
IMSP,CHEFREEZ
WRMDOWN,CHEFREEZ.REQ
DAILY,CICDEV01
CICS,CICSHPDN
BRPCICS,D CICSHPDN.BRP
HUONARC,CICSHPDN.REQ
CICS,CICSHPUP
BRPCICS,U CICSHPUP.BRP
CICS,CICSLPDN
BRPCICS,D CICSLPDN.BRP
CICS,CICSLPUP
BRPCICS,U CICSLPUP.BRP
CICS,CICSP2DN
BRPCICS,D CICSP2DN.BRP
CICS,CICSP2UP
BRPCICS,U CICSP2UP.BRP
CICS,CICSP4DN
BRPCICS,D CICSP4DN.BRP
CICS,CICSP4UP
BRPCICS,U CICSP4UP.BRP
CICS,CICSP5DN
BRPCICS,D CICSP5DN.BRP
CICS,CICSP5UP
BRPCICS,U CICSP5UP.BRP
CICS,CICSP6DN
BRPCICS,D CICSP6DN.BRP
CICS,CICSP6UP
BRPCICS,U CICSP6UP.BRP
CICS,CICSSPDN
BRPCICS,D CICSSPDN.BRP
CICS,CICSSPUP
BRPCICS,U CICSSPUP.BRP
CICS,CIFOP1DN
BRPCICS,D CIFOP1DN.BRP
CICS,CIFOP1UP
BRPCICS,U CIFOP1UP.BRP
CICS,CIVRLSCN
CICS,CIVRSTRC
LIFE,CKRR90
LIFE,CKRR91
LIFE,CKRR94
LIFE,CKVA52
LIFE,CKVA80
LIFE,CKVA81
LIFE,CK0190
LIFE,CK0200
LIFE,CK0300
LIFE,CK0450
LIFE,CK0500
LIFE,CK0540
LIFE,CK0540A
LIFE,CK0540B
LIFE,CK0540H
LIFE,CK0541
LIFE,CK0545
LIFE,CK0546
LIFE,CK0600
LIFE,CK0615
LIFE,CK0630
LIFE,CK0635
LIFE,CK0650
LIFE,CK0650A
LIFE,CK0650B
LIFE,CK0650C
LIFE,CK0650D
LIFE,CK0660
LIFE,CK0660A
LIFE,CK0662
LIFE,CK0664
LIFE,CK0665
LIFE,CK0700
LIFE,CK0800
MONTHLY,CLDEY002
DATAMRT,CLDTRIG1
MONTHLY,CLD01000
DATAMRT,CLD02000
DATAMRT,CLD02100
DATAMRT,CLD09100
DATAMRT,CLD09115
CWSPURG,E CLD09115.PUR
DATAMRT,CLD09200
DATAMRT,CLD09215
MONTHLY,CLD22050
MONTHLY,CLD22100
MONTHLY,CLD22200
MONTHLY,CLD24100
CATPRD1,CLD24300
CATTST1,CLD24315
MONTHLY,CLD25100
MONTHLY,CLD26000
MONTHLY,CLD26400
MONTHLY,CLD28200
MONTHLY,CLD29000
MONTHLY,CLD29050
MONTHLY,CLD29100
MONTHLY,CLD29200
CWSP,CLD29450
MONTHLY,CLD33000
MONTHLY,CLD34000
MONTHLY,CLD52000
MONTHLY,CLD67200
MONTHLY,CLD67250
REINSCH,K CLTCOPY1
REINSCH,K CLT24100
REINSCH,K CLT24200
REINSCH,K CLT34000
REINSCH,K CLT34010
REINSCH,K CLT34030
MONTHLY,CLU00001
MONTHLY,CLU00201
CMN0085,X CMN00850
CMN0090,X CMN00900
CODE1,CODE1FTP
CODE1,CODE1INS
FINSEND,COMBSEND
IMSP,COMREG01
IMSWRMU,P COMREG01.WRM
OLINCPY,COPYCASH
OLINCPY,COPYSTAT
IPLDOWN,CPKSETD4
IPLDOWN,CPKSETD5
IPLDOWN,CPKSETD6
IPLDOWN,CPKSET02
IPLDOWN,CPKSET03
IPLDOWN,CPKSET04
IPLDOWN,CPKSET06
IPLDOWN,CPKSET07
IPLDOWN,CPKSET08
IPLDOWN,CPKSET09
IPLDOWN,CPKSET10
IPLDOWN,CPKSET11
IPLDOWN,CPKSET12
IPLDOWN,CPKSET13
DAILY,CPKTMM01
CWSP,CPMONEXT
CWSIMMD,CPRECON0
CWSP,CPRECON1
CWSP,CPRECON2
CWSP,CPRECON3
CWSP,CPRECON4
CPBULK,CPTBULK
DAILY,CPXTRACT
CWSALLI,P CWSALLIF
CWSALLI,P CWSALLIR
CWSCAT1,CWSCAT01
#REQWOB,CWSCAT01.REQ
CWSCAT2,CWSCAT02
CWSENTI,N CWSENT00
CWSP,CWSENT01
CWSENTI,N CWSENT05
CWSENTI,N CWSENT07
CWSP,CWSENT15
CWSP,CWSENT25
CWSP,CWSFTP01
CWSIMMD,CWSFTP01.CWS
CWSP,CWSFTP02
CWSP,CWSFTP2E
CWSP,CWSINPRG
CWSP,CWSLXI06
CWSP,CWSLYN05
CWSP,CWSLYN10
IPLDOWN,CWSPIMDN
CWSPURG,E CWSPRGDT.PUR
CWSMINI,CWSPURG1.MIN
CWSPURG,E CWSPURG1.PUR
CWSMINI,CWSPURG2.MIN
CWSPURG,E CWSPURG2.PUR
CWSMINI,CWSPURG3.MIN
CWSPURG,E CWSPURG3.PUR
CWSALLI,P CWSWCMOV
CWSP,CWSWDSLE
CWSP,CWSWEKLY
CWSP,CWSWFIND.120
CWSP,CWSWFIND.153
CWSP,CWSWFIND.193
CWSP,CWSWOFAC
CWSP,CWSWRCLS
CWSP,CWSWRCOR
CWSP,CWSWTLEM
CWSP,CWSWTPUG
CWSALLI,P CWSWUMOV
CWSP,CWSWUSLE
CWSP,CWS00050
CWSP,CWS00100
CWSP,CWS00200
CWSIMMD,CWS00200.CWS
CWSP,CWS00201
CWSIMMD,CWS00201.CWS
CWSP,CWS00210
CWSP,CWS00300
CWSP,CWS00350
CWSP,CWS00400
CWSP,CWS01500
CWSP,CWS02000
CWSP,CWS02100
CWSP,CWS03000
CWSP,CWS04100
CWSP,CWS05000
CWSPURG,E CWS0700F.PUR
CWSMINI,CWS07000.MIN
CWSPURG,E CWS07000.PUR
CWSPURG,E CWS07050.PUR
CWSPURG,E CWS07059.PUR
CWSPURG,E CWS07060.PUR
CWSPURG,E CWS07090.PUR
CWSPURG,E CWS07100.PUR
CWSMINI,CWS07125.MIN
CWSPURG,E CWS07125.PUR
CWSPURG,E CWS07135.PUR
CWSPURG,E CWS07145.PUR
CWSPURG,E CWS07150.PUR
CWSPURG,E CWS07175.PUR
CWSMINI,CWS07200.MIN
CWSPURG,E CWS07200.PUR
CWSPURG,E CWS07225.PUR
CWSPURG,E CWS07250.PUR
CWSPURG,E CWS07300.PUR
CWSPURG,E CWS07325.PUR
CWSPURG,E CWS07340.PUR
CWSPURG,E CWS07350.PUR
CWSPURG,E CWS07370.PUR
CWSPURG,E CWS07380.PUR
CWSPURG,E CWS07500.PUR
CWSPURG,E CWS07525.PUR
CWSPURG,E CWS07600.PUR
CWSPURG,E CWS07650.PUR
CWSP,CWS07825
CWSMINI,CWS0799F.MIN
CWSPURG,E CWS0799F.PUR
CWSMINI,CWS07999.MIN
CWSPURG,E CWS07999.PUR
CWSP,CWS09000
CWSP,CWS09050
CWSP,CWS30250
CWSP,CWS91100
CWSP,CWS93000
CWSP,CWS93100
CWSP,CWS95100
CWSP,CWS97800
DATESCH,CWS97850
CWSP,CWS99100
CWSP,CXAFLCLN
LIFE,C0100
LIFE,C0200
LIFE,C0500
LIFE,C0600
DBAP2,DBACCC01
OLINES,DBACCQ01.AFT
OLINES,DBACCQ01.BEF
DBAP2,DBACCR01
DBAP,DBACTB12
DBAEOM,DBACTCPA
DBAEOM,DBACTCPB
DBAP,DBACTCPC
DBAEOM,DBACTCPC.EOM
DBAP,DBACTCPD
DBAEOM,DBACTCPD.EOM
DBAEOM,DBACTCPX
DBAP,DBACTCP1
DBAEOM,DBACTCP1.EOM
DBAP,DBACTCP2
DBAEOM,DBACTCP2.EOM
DBAP,DBACTCP3
DBAEOM,DBACTCP3.EOM
DBAP,DBACTCP5
DBAEOM,DBACTCP5.EOM
DBAP,DBACTCP6
DBAEOM,DBACTCP6.EOM
DBAP,DBACTCP7
DBAEOM,DBACTCP7.EOM
DBAP,DBACTCP8
DBAEOM,DBACTCP8.EOM
ACTPRGP,DBACTC1A
DBAEOM,DBACTC1A.EOM
ACTPRGP,DBACTC1B
DBAEOM,DBACTC1B.EOM
ACTPRGP,DBACTC1C
DBAEOM,DBACTC1C.EOM
ACTPRGP,DBACTC1D
DBAEOM,DBACTC1D.EOM
ACTPRGP,DBACTC1E
DBAEOM,DBACTC1E.EOM
ACTPRGP,DBACTC1F
DBAEOM,DBACTC1F.EOM
ACTPRGP,DBACTC1G
DBAEOM,DBACTC1G.EOM
ACTPRGP,DBACTC1H
DBAEOM,DBACTC1H.EOM
ACTPRGP,DBACTC1I
DBAEOM,DBACTC1I.EOM
ACTPRGP,DBACTC1J
DBAEOM,DBACTC1J.EOM
ACTPRGP,DBACTC1K
DBAEOM,DBACTC1K.EOM
ACTPRGP,DBACTC1L
DBAEOM,DBACTC1L.EOM
ACTPRGP,DBACTC1N
DBAEOM,DBACTC1N.EOM
DBAEOM,DBACTC1O.EOM
DBAEOM,DBACTC1Z
DBAEOM,DBACTLRA
DBAEOM,DBACTLRB
DBAEOM,DBACTLRC
DBAEOM,DBACTLRD
DBAEOM,DBACTL01
DBAEOM,DBACTL02
DBAEOM,DBACTL03
DBAEOM,DBACTL05
DBAEOM,DBACTL06
DBAEOM,DBACTL07
DBAEOM,DBACTL08
DBAEOM,DBACTL1A
DBAEOM,DBACTL1B
DBAEOM,DBACTL1C
DBAEOM,DBACTL1D
DBAEOM,DBACTL1E
DBAEOM,DBACTL1F
DBAEOM,DBACTL1G
DBAEOM,DBACTL1H
DBAEOM,DBACTL1I
DBAEOM,DBACTL1J
DBAEOM,DBACTL1K
DBAEOM,DBACTL1L
DBAP,DBACTL1M
DBAEOM,DBACTL1N
DBAEOM,DBACTL1O
DBAEOM,DBACTL20
DBAEOM,DBACTL22
DBAP,DBACTM11
DBAP,DBACTM12
DBAP,DBACTM13
DBAP,DBACTM14
DBAP,DBACTM15
DBAP,DBACTM16
DBAP,DBACTPP1
DBAP,DBACTPP2
DBAP,DBACTPP3
DBAP,DBACTPP5
DBAP,DBACTPP6
DBAP,DBACTPP7
DBAP,DBACTPP8
ACTPRGP,DBACTP1A
ACTPRGP,DBACTP1B
ACTPRGP,DBACTP1C
ACTPRGP,DBACTP1D
ACTPRGP,DBACTP1E
ACTPRGP,DBACTP1F
ACTPRGP,DBACTP1G
ACTPRGP,DBACTP1H
ACTPRGP,DBACTP1I
ACTPRGP,DBACTP1K
DBAP,DBACTQ02
DBAP,DBACTR02
DBAEOM,DBACTR1A
DBAEOM,DBACTR1E
DBAEOM,DBACTR1Z
DBAEOM,DBACTR22
DBAEOM,DBACTSPX
DBAEOM,DBACTS1Z
DBAEOM,DBACTTPR
DBAP,DBACTTPR.02
DBAP,DBACTTPU
DBAEOM,DBACTTPU.EOM
ACTPRGP,DBACTTP1
ACTPRGP,DBACTTP2
DBAP,DBACTTR1
DBAEOM,DBACTTR1.EOM
DBAEOM,DBACTTR2
DBAP,DBACTTR2.02
DBAEOM,DBACTT11
DBAEOM,DBACTT12
ACTPRGP,DBACTU1G
ACTPRGP,DBACTU1H
ACTPRGP,DBACTU1I
AGENCY,DBAGMC01.01
AGENCY,DBAGMC01.02
AGENCY,DBAGMC11.01
AGENCY,DBAGMC11.02
AGENCY,DBAGML01
AGENCY,DBAGML02
AGENCY,DBAGML03
AGENCY,DBAGML04
AGENCY,DBAGML05
AGENCY,DBAGML06
AGENCY,DBAGML11
AGENCY,DBAGML12
AGENCY,DBAGMP0R
AGENCY,DBAGMP1R
AGENCY,DBAGMQ01.01
AGENCY,DBAGMQ01.02
AGENCY,DBAGMQ11.01
AGENCY,DBAGMQ11.02
AGENCY,DBAGMU00
DBAP,DBAGTC01
AGENCY,DBAGTC09.01
AGENCY,DBAGTC09.02
AGENCY,DBAGTC11.02
AGENCY,DBAGTC11.03
AGENCY,DBAGTLQ1
AGENCY,DBAGTLQ2
AGENCY,DBAGTLQ3
AGENCY,DBAGTLQ4
DBAEOM,DBAGTL0A
DBAEOM,DBAGTL0B
DBAEOM,DBAGTL08
DBAP,DBAGTL1A
AGENCY,DBAGTL1B
AGENCY,DBAGTL1C
AGENCY,DBAGTL1D
AGENCY,DBAGTL1E
AGENCY,DBAGTL1F
AGENCY,DBAGTL1G
AGENCY,DBAGTL1H
AGENCY,DBAGTL1N
AGENCY,DBAGTL1O
AGENCY,DBAGTL1P
AGENCY,DBAGTL1Q
AGENCY,DBAGTL1R
AGENCY,DBAGTL1S
AGENCY,DBAGTL1T
AGENCY,DBAGTL12
AGENCY,DBAGTL13
AGENCY,DBAGTL14
AGENCY,DBAGTL15
DBAP,DBAGTQ01
DBAEOM,DBAGTQ02
MONTHLY,DBAGTQ05
MONTHLY,DBAGTQ09.EOM
AGENCY,DBAGTQ09.01
AGENCY,DBAGTQ09.02
AGENCY,DBAGTQ14.02
AGENCY,DBAGTQ14.03
DBAP,DBAGTR01
DBAEOM,DBAGTR02
DBAEOM,DBAGTR03
MONTHLY,DBAGTR05
AGENCY,DBAGTR09
AGENCY,DBAGTR14
AGENCY,DBAGTS09
AGENCY,DBAGTS14
AGENCY,DBAGTU00
DBAEOM,DBAGTU04
DBAEOM,DBAGTU07
AGENCY,DBAGTU09
AGENCY,DBAGTU10
AGENCY,DBAGTU11
AGENCY,DBAGTU12
AGENCY,DBAGTU13
AGENCY,DBAGTU14
AGENCY,DBAGTU15
AGENCY,DBAGTU16
AGENCY,DBAGTU17
AGENCY,DBAGTU18
AGENCY,DBAGTU19
DBAP2,DBAMPQ01
DBAP2,DBAMPR01
DBAP,DBARCC01
ARCREFD,DBARCU01
DBAP2,DBARDC01
AGENCY,DBARPC01
MONTHLY,DBARPC01.EOM
COMREQ3,DBARPC01.REQ
AGENCY,DBARPC01.02
MONTHLY,DBARPL11
COMREQ3,DBARPL12.REQ
AGENCY,DBARPP1R
AGENCY,DBARPQ01
MONTHLY,DBARPQ01.EOM
COMREQ3,DBARPQ01.REQ
MONTHLY,DBARPQ01.01
AGENCY,DBARPQ01.02
AGENCY,DBARPQ01.03
MONTHLY,DBARPS01
COMREQ3,DBARPS01.REQ
MONTHLY,DBARPU01
COMREQ3,DBARPU01.REQ
DBAP,DBAULC01
DBAP2,DBAUTC01
DBAP2,DBAUTQ01
DBAP2,DBAUTR01
DBAP2,DBAUTS01
DBAP2,DBBMCC01
DBAP2,DBBMCC11
DAILY,DBBMCR01
DAILY,DBBMCR11
DBAP2,DBBMCS01
DBAP2,DBBMCS11
BMTINIT,DBBMTL02
BMTINIT,DBBMTL03
BMTINIT,DBBMTL04
BMTINIT,DBBMTL05
BMTINIT,DBBMTL06
ECOM,DBCECL11
ECOM,DBCECL12
ECOM,DBCECL13
ECOM,DBCECL14
ECOM,DBCECL15
ECOM,DBCECL16
DBAP2,DBCECQ01
DBAP2,DBCECR01
DATAMRT,DBCLDC1A
DATAMRT,DBCLDC1B
DATAMRT,DBCLDC1C
DATAMRT,DBCLDC1D
DATAMRT,DBCLDC1E
DATAMRT,DBCLDC1E.02
DATAMRT,DBCLDC1F.DBA
DATAMRT,DBCLDC1G
DATAMRT,DBCLDC1H
DATAMRT,DBCLDC1I
DATAMRT,DBCLDC1J
DBAEOM,DBCLDC1S
DBAEOM,DBCLDC10
CWSPURG,E DBCLDC10.PUR
DBAEOM,DBCLDC11
CWSPURG,E DBCLDC11.PUR
DBAEOM,DBCLDC12
CWSPURG,E DBCLDC12.PUR
DBAEOM,DBCLDC13
CWSPURG,E DBCLDC13.PUR
DBAEOM,DBCLDC14
CWSPURG,E DBCLDC14.PUR
DBAEOM,DBCLDC15
DATAMRT,DBCLDL1A
DATAMRT,DBCLDL1B
DATAMRT,DBCLDL1C
DATAMRT,DBCLDL1D
DATAMRT,DBCLDL1E
DATAMRT,DBCLDL1F
DATAMRT,DBCLDL1I
DBAEOM,DBCLDL10
CWSPURG,E DBCLDL10.PUR
DBAEOM,DBCLDL11
CWSPURG,E DBCLDL11.PUR
DBAEOM,DBCLDL12
CWSPURG,E DBCLDL12.PUR
DBAEOM,DBCLDL13
CWSPURG,E DBCLDL13.PUR
DBAEOM,DBCLDL14
CWSPURG,E DBCLDL14.PUR
DBAEOM,DBCLDL15
DBAEOM,DBCLDM1A
DBAEOM,DBCLDP1F
DATAMRT,DBCLDR1K
DATAMRT,DBCLDU11
DBAEOM,DBCLDU16
CWSP,DBCLGC01.01
DBAP,DBCLGL10
DBAP,DBCLGL10.EOM
DBAP2,DBCMDQ01
DBAP2,DBCMDR01
DBAP2,DBCMNQ01
DBAP2,DBCMNR01
DATAMRT,DBCOMC1A
DBAEOM,DBCOMC11
CWSPURG,E DBCOMC11.PUR
DATAMRT,DBCOML1A
DBAEOM,DBCOML11
CWSPURG,E DBCOML11.PUR
AGENCY,DBCOPC01
AGENCY,DBCOPQ01
AGENCY,DBCOPR01
AGENCY,DBCOPU02
DBAP2,DBCTSQ01
DBAP2,DBCTSR01
DBAP,DBCWSCI1
DBAP,DBCWSC01
CWSPURG,E DBCWSC01.PUR
CWSP,DBCWSF02
DBAP,DBCWSLI1
DBAP,DBCWSL01
CWSP,DBCWSL02
CWSPRFC,D DBCWSM0C.PRF
CWSPRFC,O DBCWSM0C.PRF
CWSPRFC,T DBCWSM0C.PRF
CWSPRFC,U DBCWSM0C.PRF
CWSPRFC,D DBCWSM0D.PRF
CWSPRFC,O DBCWSM0D.PRF
CWSPRFC,T DBCWSM0D.PRF
CWSPRFC,U DBCWSM0D.PRF
CWSPRFC,D DBCWSM0E.PRF
CWSPRFC,O DBCWSM0E.PRF
CWSPRFC,T DBCWSM0E.PRF
CWSPRFC,U DBCWSM0E.PRF
CWSULP,DBCWSM03
CWSPREF,U DBCWSM03.PRE
CWSULP,DBCWSM04
CWSPREF,U DBCWSM04.PRE
CWSULP,DBCWSM05
CWSPREF,U DBCWSM05.PRE
CWSULP,DBCWSM06
CWSPREF,U DBCWSM06.PRE
CWSPRFC,D DBCWSM06.PRF
CWSPRFC,O DBCWSM06.PRF
CWSPRFC,T DBCWSM06.PRF
CWSPRFC,U DBCWSM06.PRF
CWSULP,DBCWSM07
CWSPREF,U DBCWSM07.PRE
CWSPRFC,D DBCWSM07.PRF
CWSPRFC,O DBCWSM07.PRF
CWSPRFC,T DBCWSM07.PRF
CWSPRFC,U DBCWSM07.PRF
CWSULP,DBCWSM08
CWSULP,DBCWSM09
DBAP,DBCWSQI1
DBAP,DBCWSQ01
CWSPURG,E DBCWSQ01.PUR
CWSP,DBCWSQ02
DBAP,DBCWSQ03
DBAP,DBCWSR01
CWSP,DBCWST01
CWSPURG,E DBCWST01.PUR
TIMECHG,DBCWST01.REQ
DBAP,DBCWST02
CWSPURG,E DBCWST02.PUR
CWSP,DBCWSUI2
CWSCAT9,8 DBCWSUI7
CWSULP,DBCWSU03
CWSPREF,U DBCWSU03.PRE
CWSPRFC,D DBCWSU03.PRF
CWSPRFC,O DBCWSU03.PRF
CWSPRFC,T DBCWSU03.PRF
CWSPRFC,U DBCWSU03.PRF
CWSULP,DBCWSU04
CWSPREF,U DBCWSU04.PRE
CWSPRFC,D DBCWSU04.PRF
CWSPRFC,O DBCWSU04.PRF
CWSPRFC,T DBCWSU04.PRF
CWSPRFC,U DBCWSU04.PRF
CWSULP,DBCWSU05
CWSPREF,U DBCWSU05.PRE
CWSPRFC,D DBCWSU05.PRF
CWSPRFC,O DBCWSU05.PRF
CWSPRFC,T DBCWSU05.PRF
CWSPRFC,U DBCWSU05.PRF
CWSULP,DBCWSU06
CWSPREF,U DBCWSU06.PRE
CWSPRFC,D DBCWSU06.PRF
CWSPRFC,O DBCWSU06.PRF
CWSPRFC,T DBCWSU06.PRF
CWSPRFC,U DBCWSU06.PRF
CWSULP,DBCWSU07
CWSPREF,U DBCWSU07.PRE
CWSPRFC,D DBCWSU07.PRF
CWSPRFC,O DBCWSU07.PRF
CWSPRFC,T DBCWSU07.PRF
CWSPRFC,U DBCWSU07.PRF
CWSULP,DBCWSU08
CWSULP,DBCWSU09
DBAP2,DBCYBQ01
DBAP2,DBCYBR01
DBAP2,DBDAOC01
DBAP2,DBDAOC11
DBAP2,DBDAOR01
DBAP2,DBDAOR11
DBAP,DBDBAM0A
DBAP,DBDBAM01
DBAP,DBDBAM02
DBAP,DBDBAM03
DBAP,DBDBAM05
DBAP,DBDBAM06.01
DBAP,DBDBAM06.02
DBAP,DBDBAM06.03
DBAP,DBDBAM06.04
DBAP,DBDBAM06.05
DBAP,DBDBAM06.06
DBAP,DBDBAM06.07
DBAP,DBDBAM07.01
DBAP,DBDBAM07.02
DBAP,DBDBAM07.03
DBAP,DBDBAM07.04
DBAP,DBDBAM07.05
DBAP,DBDBAM07.06
DBAP,DBDBAM07.07
DBAP,DBDBAM1A
DBAP2,DBDBUC01
DBAP,DBDBUQ01
DBAP2,DBDBUR01
DBAP2,DBDOCC01
DBAP,DBDOCP01
DBAP,DBDOCQ01
DBAP2,DBDOCR01
DWBI,DBECMC11
DWBI,DBECMJ11
DWBI,DBECML11
DWBI,DBECML12
DWBI,DBECML13
DWBI,DBECML14
DBAP,DBEECC01
DBAP,DBEECQ01.01
DBAP,DBEECQ01.02
EEC0030,1 DBEECQ05.RUS
DBAP,DBEECR01
DBAP,DBEECU0A
EEC0020,1 DBEECU0A.RUS
DBAP,DBEECU0B
EEC0020,1 DBEECU0B.RUS
DBAP2,DBESEQ01
DBAP2,DBESER01
DBAP,DBFIXC01.01
DBAP,DBFIXC01.02
DBAP,DBFIXQ01.01
DBAP,DBFIXQ01.02
DBAP,DBFIXR01
DBAEOM,DBFIXU01
DBAP2,DBFRMQ01
DBAP2,DBFRMR01
LIFE,DBGMSC01
LIFE,DBGMSC01.02
LIFE,DBGMSQ01
LIFE,DBGMSQ01.02
LIFE,DBGMSR01
LIFE,DBGMSU00
HUONARC,DBHUPA0A.REQ
HUONARC,DBHUPA0B.REQ
HUONARC,DBHUPA0C.REQ
HUONARC,DBHUPA0D.REQ
HUONARC,DBHUPA0E.REQ
HUONARC,DBHUPA0F.REQ
HUONARC,DBHUPA0G.REQ
HUONARC,DBHUPA0H.REQ
HUONARC,DBHUPA0I.REQ
HUONARC,DBHUPA0J.REQ
HUONARC,DBHUPA0K.REQ
HUONARC,DBHUPA0L.REQ
HUONARC,DBHUPA0M.REQ
HUONARC,DBHUPA0N.REQ
HUONARC,DBHUPA0O.REQ
HUONARC,DBHUPA0P.REQ
HUONARC,DBHUPA01.REQ
HUONARC,DBHUPA02.REQ
HUONARC,DBHUPA03.REQ
HUONARC,DBHUPA04.REQ
HUONARC,DBHUPA05.REQ
HUONARC,DBHUPA06.REQ
HUONARC,DBHUPA07.REQ
HUONARC,DBHUPA08.REQ
HUONARC,DBHUPA09.REQ
FINANCE,DBHUPC0A
FINANCE,DBHUPC0B
FINANCE,DBHUPC0C
FINANCE,DBHUPC0D
FINANCE,DBHUPC0E
FINANCE,DBHUPC0F
FINANCE,DBHUPC0G
FINANCE,DBHUPC0H
FINANCE,DBHUPC0I
FINANCE,DBHUPC0J
FINANCE,DBHUPC0K
FINANCE,DBHUPC0L
FINANCE,DBHUPC0M
FINANCE,DBHUPC00
FINANCE,DBHUPC01
HUONARC,DBHUPC01.REQ
FINANCE,DBHUPG01
ANNBUD,DBHUPL01
ANNBUD,DBHUPL03
FINANCE,DBHUPM02
FINANCE,DBHUPQ01
FINANCE,DBHUPQ01.02
FINANCE,DBHUPR0A
FINANCE,DBHUPR0E
FINANCE,DBHUPR0G
FINANCE,DBHUPR0H
FINANCE,DBHUPR0M
FINANCE,DBHUPT01
BMTINIT,DBHUPT01.BMT
BMTINIT,DBHUPT02.BMT
CICS,DBHUPT03
BRPCICS,U DBHUPT03.BRP
HUONARC,DBHUPT03.REQ
FINANCE,DBHUPU02
DBAP2,DBICMM01
DBAP2,DBICMR01
DBAP2,DBICMSTO
DBAP2,DBINFC01
DBAP2,DBINFR01
DBAP,DBINPC01
DBAP,DBINPI01
DBAP,DBINPJ01
DBAP,DBINPR01
DBAP2,DBINTC01
ANNBUD,DBINTL01
SIHSINT,DBINTL01.REQ
DBAP2,DBINTQ01
DBAP2,DBINTR01
DBAP2,DBINTS01
DBAP,DBLIFC01
DBAP,DBLIFL01
DBAP,DBLIFL02
DBAP,DBLIFL03
DBAP,DBLIFL04
DBAP,DBLIFL05
DBAP,DBLIFM01
DBAP2,DBLIFQ02
DBAP2,DBLIFR02
DBAP,DBLIFS01
DBAP,DBLIFU01
PMIHCP,DBMPPC01
PMIHCP,DBMPPC02.01
PMIHCP,DBMPPC02.02
PMIHCP,DBMPPC02.03
PMIHCP,DBMPPQ01.01
PMIHCP,DBMPPQ01.02
PMIHCP,DBMPPQ01.03
PMIHCP,DBMPPQ01.04
PMIHCP,DBMPPQ01.05
PMIHCP,DBMPPR01
PMIHCP,DBMPPS01
DBAP2,DBOAMR01
OLINES,DBOCLC01
OLINES,DBOCLC02
OLINES,DBOCLL99
OLINES,DBOCLQ01
OLINES,DBOCLQ01.02
OLINES,DBOCLR01
OLINES,DBOCLU01
DBAP,DBOLCC01
DBAP,DBOLCC01.02
DBAP,DBOLCL06
DBAP,DBOLCQ01
DBAP,DBOLCR01
DBAP,DBOLCSD1
OLINES,DBOLPC01.01
OLINES,DBOLPC01.02
OLINES,DBOLPC01.03
OLINES,DBOLPQ01.REQ
OLINES,DBOLPQ01.01
OLINES,DBOLPQ01.02
OLINES,DBOLPR01
OLINES,DBOLPSD1
DBAP2,DBOPMC01
DBAEOM,DBOPML60
DBAP,DBOPMM01
DBAEOM,DBOPMP60
DBAP2,DBOPMR01
DBAEOM,DBOPMR02
DBAP,DBOPYC01
DBAP,DBOPYL01
DBAP,DBOPYQ01
DBAP,DBOPYR01
DBAP,DBOPYS01
DBAP,DBOPYU01
DBAP,DBORGC01
DBAP,DBORGC02
DBAP,DBORGL1P
DBAP,DBORGQ01.01
DBAP,DBORGQ01.02
DBAP,DBORGR01
DBAP,DBORGS01
DBAP2,DBOSGC00
DBAP2,DBOSGC01
DBAP2,DBOSGC02
DBAP2,DBOSGC03
DBAP2,DBOSGC04
DBAP2,DBOSGC05
DBAP2,DBOSGS00
DBAP2,DBOSGS01
DBAP2,DBOSGS02
DBAP2,DBOSGS03
DBAP2,DBOSGS04
DBAP2,DBOSGS05
DBAP2,DBPAYC01
DBAP,DBPAYL01
DBAP2,DBPAYQ01
DBAP2,DBPAYR01
DBAP2,DBPAYS01
DBAP2,DBPFAR01
DB2SCL,DBPOLHTA
DB2SCL,DBPOLHTB
DB2SCL,DBPOLHTC
DB2SCL,DBPOLHTD
DB2SCL,DBPOLHTE
DB2SCL,DBPOLHTF
DB2SCL,DBPOLHTF.02
DB2SCL,DBPOLHTG
DBABOB,DBPOLK0A
DBABOB,DBPOLL0A
DBABOB,DBPOLL0B
DBABOB,DBPOLL0C
DBABOB,DBPOLL0D
DBABOB,DBPOLL0E
DBABOB,DBPOLL0F
DBABOB,DBPOLL0G
DBABOB,DBPOLL0H
DBABOB,DBPOLL0I
DBABOB,DBPOLL0J
DBABOB,DBPOLL0K
DBABOB,DBPOLL0L
DBABOB,DBPOLL0M
DBABOB,DBPOLL0N
DBABOB,DBPOLL0O
DBABOB,DBPOLL0P
DBABOB,DBPOLL0R
DBABOB,DBPOLL0S
DBABOB,DBPOLL0T
DBABOB,DBPOLL0U
DBABOB,DBPOLL0V
DBABOB,DBPOLL0W
DBABOB,DBPOLL0X
DBABOB,DBPOLL0Y
DBABOB,DBPOLL0Z
DBAP,DBPOLL01
DBABOB,DBPOLQ0A
DBAP2,DBPOLQ01
ECOM,DBPOLQ02
DBAP2,DBPOLQ02.02
DBAP2,DBPOLQ03
DBAP2,DBPOLR01
DBAP2,DBPOLR02
DBAP2,DBPOLR03
DBABOB,DBPOLU0A
DBAP2,DBPRFQ01.8PM
DBAP2,DBPRFR01
DBAP2,DBPSTC01
DBAP2,DBPSTC11
DBAP2,DBPSTR01
DBAP2,DBPSTR11
DBAP,DBPTYL01
DBAP2,DBPTYQ01
DBAP,DBPTYQ02
DBAP2,DBPTYR01
DBAP2,DBPULC01
DBAP2,DBPULR01
DBAP2,DBQMFC01
DBAP2,DBQMFC11
DBAP2,DBQMFR01
DBAP2,DBQMFR11
DWBI,DBQTEC01
DWBI,DBQTEFTP
DWBI,DBQTEL01
DWBI,DBQTES01
DAILY,DBRABQ01
#REQWOB,DBRABQ01.SPE
DBAP2,DBRABR01
DBAP,DBREFU01
RET,DBRETQ01
DBAP2,DBRETR01
RETREFD,DBRETU01
DBAP,DBRPEB1A
DBAP,DBRPEB11
DBAP,DBRPEC1A
DBAP,DBRPEC11.LOA
DBAP,DBRPEC11.PUR
DBAP,DBRPEC12
DBAP,DBRPEI11
DBAP,DBRPEJ1A
DBAP,DBRPEJ11.LOA
DBAP,DBRPEJ11.PUR
DBAP,DBRPEL0S
DBAP,DBRPEL0Z
DBAP,DBRPEL1A
DBAP,DBRPEL1B
DBAP,DBRPEL1C
DBAP,DBRPEL1D
DBAP,DBRPEL1E
DBAP,DBRPEL1F
DBAP,DBRPEL1G
DBAP,DBRPEL1H
DBAP,DBRPEL1I
DBAP,DBRPEL11
DBAP,DBRPEL12
DBAP,DBRPEL13
DBAP,DBRPEL14
DBAP,DBRPEL15
DBAP,DBRPEL16
DBAP,DBRPEL17
DBAP,DBRPEL18
DBAP,DBRPEM0M
DBAP,DBRPEM1A
DBAP,DBRPEM11
DBAP,DBRPEM13
DBAP,DBRPEP1A
DBAP,DBRPEP1B
DBAP,DBRPEP1R
DBAP,DBRPEP1V
DBAP,DBRPEP1Z
DBAP,DBRPEP11
DBAP,DBRPEP12
DBAP,DBRPEP13
DBAP,DBRPEP14
DBAP,DBRPEP15
DBAP,DBRPEP16
DBAP,DBRPEP17
DBAP,DBRPEP18
DBAP,DBRPEP19
DBAP,DBRPER11
DBAP,DBRPES1D
MCVINP,DBRTGC08
DBAP,DBRTGL02
DBAP,DBRTGL03
DBRTGL0,Y DBRTGL04
DBRTGL0,X DBRTGL05
DBAP2,DBRTGQ01
DBAP2,DBRTGQ02
EEC0010,1 DBRTGQ05.RUS
DBAP,DBRTGQ05.01
DBAP,DBRTGQ05.02
DBAP2,DBRTGR01
DBAP2,DBRTGR02
DBAP,DBRTGU01
DBAP,DBSAAL11
DBAP,DBSAAL12
DBAP,DBSAAL13
DBAP,DBSAAL14
DBAP,DBSAAL15
DBAP,DBSAAL16
DBAP,DBSAAL17
DBAP,DBSAAL18
DBAP2,DBSAAQ01
DBAP2,DBSAAR01
DBAP2,DBSALQ01
DBAP2,DBSALR01
OLINES,DBSBRC01
OLINES,DBSBRC02
OLINES,DBSBRL99
OLINES,DBSBRQ01
OLINES,DBSBRQ01.02
OLINES,DBSBRR01
OLINES,DBSBRS01
DBAP,DBSBTC01
DBAP,DBSBTQ01
DBAP,DBSBTS01
DBAP2,DBSCCQ01
DBAP2,DBSCCR01
DBAP2,DBSERQ01
DBAP2,DBSERR01
DBAP2,DBSHLC01
ECOM,DBSHLL02
DBAP,DBSHLQ01
DBAP2,DBSHLQ01.02
DBAP2,DBSHLR01
DBAP,DBSHLR11
DBAP2,DBSHLS01
LIFE,DBSHLU01
AUTOSCL,DBSPAL06
DBAP2,DBSPAM03
DBAP2,DBSPAM04
DBAP2,DBSPAM05
DBAP2,DBSPAM06
DBAP2,DBSPAM07
DBAP2,DBSPAM1A
DBAP2,DBSPAM1B
DBAP2,DBSPAM1C
AUTOSCL,DBSPAQ01.01
AUTOSCL,DBSPAQ01.02
AUTOSCL,DBSPAQ01.03
DBAP2,DBSPAR01
DBAP2,DBSPAS12
SPARCV0,DBSPAV01
SPARCV0,DBSPAV02
SPARCV0,DBSPAV03
SPARCV0,DBSPAV04
DBAP,DBSR2L11
DBAP2,DBSR2Q01
DBAP2,DBSR2R01
DBAP2,DBSSSBEG
DBAP2,DBSSSFIN
DBAP2,DBTRKQ01
DBAP2,DBTRKR01
MONTHLY,DBUP4400
DAILY,DBUP4600
DAILY,DBUP4700
REINS,DBURSC01
REINS,DBURSQ01
REINS,DBURSQ01.02
REINS,DBURSR01
REINS,DBURSU01
DBAP2,DBVRAC01
DAILY,DBVRA002
DBAP,DBWRKC01
DBAP,DBWRKQ01
AUTOSCL,DB2CLONE
DAILY,DB2P1BSF
AUTOSCL,DB2P1CS1
AUTOSCL,DB2P1CS2
AUTOSCL,DB2P1CS4
DBAP,DB2P1CS6
DBAP,DB2P1C01
DBAP,DB2P1TR2
DBAP,DB2P1ZPS
DAILY,DB2P2BSF
AUTOSCL,DB2P2CI1
AUTOSCL,DB2P2CI2
AUTOSCL,DB2P2CT1
AUTOSCL,DB2P2CT2
AUTOSCL,DB2P2CT4
DBAP,DB2P2CT6
DBAP,DB2P2C01
DBAP,DB2P2TR2
DBAP,DB2P2ZPS
OLINES,DCV00000
OLINES,DCV00100
OLINES,DCV00300
AGENCY,DEDB1100
AGENCY,DEDB1200
AGENCY,DEDB1210
AGENCY,DEDB2000
AGENCY,DEDB2500
IPLDOWN,DFRMMDWN
DMTTJOB,S DMTT1100.JOB
#REQWOB,DMTT1100.SPE
DMTTJOB,S DMTT1105.JOB
DMTTJOB,S DMTT1125.JOB
#REQWOB,DMTT1125.SPE
CWSP,DMTW0100
CWSP,DMTW1100
CWSP,DMTW1125
CWSP,DMT00100
CWSP,DMT00900
CWSP,DMT01000
CWSP,DMT01100
CWSP,DMT01105
CWSP,DMT01125
CWSP,DMT01150
CWSP,DMT01160
CWSP,DMT01200
CWSP,DMT01210
CWSP,DMT02010
CWSP,DMT02050
DATAMRT,DMT02060
DATAMRT,DMT02060.EOM
DATAMRT,DMT02090
DATAMRT,DMT02100
CWSPURG,E DMT02100.PUR
DATAMRT,DMT02110
CWSPURG,E DMT02110.PUR
DATAMRT,DMT02200
CWSPURG,E DMT02200.PUR
DATAMRT,DMT02250
CWSPURG,E DMT02250.PUR
DATAMRT,DMT02300
CWSPURG,E DMT02300.PUR
DATAMRT,DMT02350
CWSPURG,E DMT02350.PUR
DATAMRT,DMT02400
CWSPURG,E DMT02400.PUR
DATAMRT,DMT02450
CWSPURG,E DMT02450.PUR
DATAMRT,DMT02500
CWSPURG,E DMT02500.PUR
DATAMRT,DMT02600
CWSPURG,E DMT02600.PUR
DATAMRT,DMT03000
DATAMRT,DMT03100
DATAMRT,DMT03110
DATAMRT,DMT03200
DATAMRT,DMT03250
DATAMRT,DMT03300
DATAMRT,DMT03350
DATAMRT,DMT03400
DATAMRT,DMT03500
DATAMRT,DMT03600
DATAMRT,DMT05000
DATAMRT,DMT05100
DATAMRT,DMT05200
DATAMRT,DMT05250
DATAMRT,DMT06000
DATAMRT,DMT06100
DATAMRT,DMT09300
DATAMRT,DMT60450
DATAMRT,DMT60700
CWSPURG,E DMT61700.PUR
DATAMRT,DMT63700
DATAMRT,DMT63790
DATAMRT,DMT90600
CWSPURG,E DMT90600.PUR
OLINES,DOC02000
DOMCONC,DOMCON01
IMAGING,DSAPPS.OPIMG
IMAGING,DSEMSI.OPEMS
IMAGING,DSEMSI.OPIMG
IMAGING,DSHHPM.OPIMG
IMAGING,DSLAB1.OPIMG
LIFE,DSTRIG.A4100
LIFE,DSTRIG.A4500
AGENCY,DSTRIG.DEDB2
OPC21S1,1 DSTRIG.EFTMA
FINANCE,DSTRIG.HUOH1
LIFE,DSTRIG.MCC29
BBHOWEL,DSTRIG.OMD00
IMAGING,DSTRIG.OPAPP
ECOM,DSTRIG.OPBAR
OPC21E0,1 DSTRIG.OPDEP
IMAGING,DSTRIG.OPEMS
AUTOSCL,DSTRIG.OPESP
IMAGING,DSTRIG.OPHHP
IMAGING,DSTRIG.OPLAB
DAILY,DSTRIG.OPPR3
DAILY,DSTRIG.OPREM
RET,DSTRIG.PAYV2
OPKYD00,DSTRIG.PLP51
OPKYD00,DSTRIG.PLP52
AUTOSCL,DSTRIG.PLP89
OLINES,DSTRIG.POP09
OLINES,DSTRIG.POP80
RET,DSTRIG.RET41
RET,DSTRIG.RET42
ECOM,DSTRIG.SAL30
AUTOSCL,DSTRIG.SPASA
AUTOSCL,DSTRIG.SPASD
AUTOSCL,DSTRIG.SPASI
AUTOSCL,DSTRIG.SPASR
OPEXP00,DSTRIG.UMR00
AUTOSCL,DSTRIG.XAC20
OPC21E0,1 DSTRIG1.OPDE
AUTOSCL,DSTRIG2.DBSP
OPC21E0,1 DSTRIG2.OPDE
DWBI,DWBI1000
DWBI,DWBI5000
ECOM,EBZ21100
ECOM,EBZ30000
ECOM,ECA10100
EEC0001,0 EEC00010
EEC0002,0 EEC00020
EEC0003,0 EEC00030
DBAP,EEC00100
DBAP,EEC00200
DBAP,EEC00300
FINSEND,EFTBSEND
DAILY,EFTDT000
DAILY,EFTDT001
OPC21E0,1 EFTMAILX.END
OPC21E0,1 EFTMAIL1
OPC21E0,1 EFTMAIL2
OPC21E0,1 EFTMAIL3
OPC21E0,1 EFTMAIL4
OPC21E0,1 EFTMAIL5
OPC21E0,1 EFTMAIL6
FINSERV,EFTV1139
DAILY,EFT00020
DAILY,EFT00029
DAILY,EFT00030
FINSERV,EFT00950
FINSERV,EFT00951
FINSERV,EFT00953
FINSERV,EFT00955
FINSERV,EFT00958
FINSEND,EFT00961
FINSEND,EFT00962
FINSEND,EFT00997
OPC21E0,1 EFT01091
FINSEND,EFT01215
FINSEND,EFT01216
FINSEND,EFT02005
COMRESD,EFT02011.REQ
BCHDATE,EFT02015
FINSEND,EFT02018
FINSEND,EFT02019
IMSP,EICDNOC0
IMSP,EICD0401
IMSP,EICD0505
IMSP,EICD0610
IMSP,EIC00200
IMSP,EIC00300
IMSP,EIC00400
IMSP,EIC00500
IMSP,EIC00800
IMSP,EIC00815
IMSP,EIC00830
IMSP,EIC00833
IMSP,EIC00835
IMSP,EIC00836
IMSP,EIC00837
IMSP,EIC00840
IMSP,EIC00841
IMSP,EIC00845
IMSP,EIC00849
IMSP,EIC00860
IMSP,EIC00868
IMSP,EIC00870
IMSP,EIC00871
IMSP,EIC00873
IMSP,EIC00874
IMSP,EIC00875
IMSP,EIC00877
IMSP,EIC00878
IMSP,EIC00879
IMSP,EIC00880
IMSP,EIC00881
IMSP,EIC00885
IMSP,EIC00895
IMSP,EIC00900
IMSP,EIC00901
IMSP,EIC00903.PM
IMSP,EIC00904
IMSWRMU,P EIC01015.WRM
IMSP,EIC01020
IMSP,EIC01025
IMSP,EIC01026
IMSP,EIC01027
IMSP,EIC01028
IMSP,EIC01029
IMSP,EIC01030
IMSP,EIC01032
IMSP,EIC01034
IMSP,EIC01035
IMSP,EIC01036
IMSP,EIC01037
IMSP,EIC01040
IMSP,EIC01041
IMSP,EIC01042
IMSP,EIC01043
IMSP,EIC01050
IMSP,EIC01060
IMSP,EIC01400
IMSP,EIC09000
IMSP,EIC09002
DBAP,END.DBRPEC1A
DAILY,EOMDAT01
EPKYBAT,EPCKYBAT.REQ
EPCOSCL,EPCOLBAT.AM
EPCOSCL,EPCOLBAT.PM
CAMRA,EQUTYEXT
STORAGE,EXAMCATD
STORAGE,EXAMCATM
STORAGE,EXAMCATP
STORAGE,EXAMCATT
STORAGE,EXPORTCD.AM
STORAGE,EXPORTCD.PM
STORAGE,EXPORTCM.AM
STORAGE,EXPORTCM.PM
STORAGE,EXPORTCP.AM
STORAGE,EXPORTCP.PM
ECOM,FDCBATCH
DAILY,FDRABRCM
DAILY,FILESRV2
FINSEND,FINSSEND
CWSIMMD,FTRIG.CWSIMM
OPC21S1,1 FTRIG.NTC21S
LIFE,F0100
LIFE,F0300
LIFE,F1000
LIFE,F1001
LIFE,F1100
LIFE,F1104
LIFE,F1105
LIFE,F1200
LIFE,F1300
LIFE,F6000
LIFE,F6100
LIFE,F6200
LIFE,F6500
LIFE,F6502
LIFE,F6503
PMIHCP,HCP00100
PMIHCP,HCP00350
HISTARC,H HISTARCP
DAILY,HOLDPROD
DAILY,HSMAUDIT
DAILY,HSMDALY1
DAILY,HSMDALY3
DAILY,HSMDALY4
DAILY,HSMDALY6
RMMXNET,HSMDALY8.001
IPLDOWN,HSMREORG
HSMSPUS,H HSMSSBEG.PUS
HSMSRLS,E HSMSSBEG.RLS
RMMXNET,HSMSSETR
HSMSPUS,H HSMSSTRP.PUS
HSMSRLS,E HSMSSTRP.RLS
HSMSPUS,H HSMSSTRS.PUS
HSMSRLS,E HSMSSTRS.RLS
ANNBUD,HUOH0020
ANNBUD,HUOH0021
FINANCE,HUOH1010
FINANCE,HUOH1020
FINANCE,HUOH1030
BCHDATE,HUOH1040
FINANCE,HUOH1045
FINANCE,HUOH1060
FINANCE,HUOH1070
FINANCE,HUOH1080
FINANCE,HUOH1090
FINANCE,HUOH1091
FINANCE,HUOH1092
FINANCE,HUOH1093
OLINES,HUOH1096
FINANCE,HUOH1100
FINANCE,HUOH1160
FINANCE,HUOH1170
FINANCE,HUOH1180
FINANCE,HUOH1190
ODRFT11,HUOH1210
ODRFT12,HUOH1210.FT1
ODRFT11,HUOH1211
ODRFT12,HUOH1212.FT1
FINANCE,HUOP1000
FINANCE,HUOP1010
DAILY,IFOPGEN1
DAILY,IFXUPDAT
IMSP,IMSAPA01
IMSP,IMSAPA02
IMSP,IMSBOBAU
IMSP,IMSBOBOL
IMSP,IMSCHNGE
IMSP,IMSEMO01
IMSP,IMSEMO02
IMSP,IMSEPC01
IMSP,IMSEPC02
IMSP,IMSGMSIV
IMSP,IMSLOGDL
IMSP,IMSMOD01
IMSP,IMSMPP1
IMSP,IMSMQP1
IMSP,IMSMSGCK
IMSP,IMSMSGOL
IMSP,IMSMSGVS
IMSP,IMSMSGV1
IMSP,IMSMSGV2
IMSP,IMSMSGV3
IMSP,IMSMSGV4
IMSP,IMSMSGV6
IMSP,IMSNOCDE
IMSP,IMSNOCFM
IMSP,IMSNOLPC
IMSP,IMSOLFMR
IMSP,IMSPDN01
IMSP,IMSPDP30
IMSWRMU,P IMSPUP01.WRM
IMSP,IMSREG01.DLY
IMSWRMU,P IMSREG01.WRM
IMSP,IMSROUTB
IMSP,IMSROUTO
IMSP,IMSROUTR
IMSP,IMSSTA01
IMSP,IMSTPALC
CAMRA,INV00010
CAMRA,INV00020
CAMRA,INV00030
CWSORDR,ISOCONNT
LIFE,K5502
LIFE,K5503
LIFE,K5504
LIFE,K5507
LIFE,K5510
LIFE,K5511
LIFE,K5512
LIFE,LEA00001
LEIP,LEIW001N
LEIP,LEIW002N
LEIP,LEIW003N
LEIP,LEIW004N
LEIP,LEIW005N
LEIP,LEIW006N
LEIP,LEIW007N
LEIP,LEIW008N
LEIP,LEIW009N
LEIP,LEIW010N
LEIP,LEIW011N
CWSP,LETRESET
CWSP,LEXOTBND
BCHDATE,LIFEDATE
FTLIFR0,1 LIFWR001
FTLIFS0,1 LIFWS001
LIFE,LIF00100
LIFE,LIF00110
LIFE,LIF00195
LIFE,LIF00200
LIFE,LIF00210
LIFE,LIF00295
LIFE,LIF00300
LIFE,LIF00395
LIFE,LIF00400
LIFE,LIF00410
LIFE,LIF00415
LIFE,LIF00420
LIFE,LIF00500
LIFE,LIF00505
LIFE,LIF00510
LIFE,LIF00515
LIFE,LIF00520
LIFE,LIF00595
LIFE,LIF00600
LIFE,LIF00700
LIFE,LIF00710
LIFE,LIF00715
LIFE,LIF00720
LIFE,LIF00725
LIFE,LIF00730
LIFE,LIF00795
LIFE,LIF00800
LIFE,LIF00810
LIFE,LIF00820
LIFE,LIF00830
LIFE,LIF00840
LIFE,LIF00850
LIFE,LIF00895
LIFE,LIF00900
LIFE,LIF00905
LIFE,LIF00910
LIFE,LIF00920
LIFE,LIF00930
LIFE,LIF01010
LIFE,LIF01015
LIFE,LIF01020
LIFE,LIF01030
LIFE,LIF01040
LIFE,LIF01045
LIFE,LIF01050
LIFE,LIF01100
LIFE,LIF01110
LIFE,LIF01120
LIFE,LIF01200
LIFE,LIF01300
LIFE,LIF01400
LIFE,LIF01430
LIFE,LIF01700
LIFE,LIF01710
LIFE,LIF18010
LIFE,LIF20000
LIFE,LIF20020
LIFE,LIF20100
LIFE,LIF20995
LIFE,LIF21000
LIFE,LIF21010
LIFE,LIF21020
LIFE,LIF22000
LIFE,LIF22095
LIFE,LIF22100
LIFE,LIF22200
LIFE,LIF22210
LIFE,LIF22250
LIFE,LIF22300
LIFE,LIF23000
LIFE,LIF24000
LIFE,LIF25010
LIFE,LIF25020
LIFE,LIF25030
LIFE,LIF25040
LIFE,LIF25050
LIFE,LIF25060
LIFE,LIF25070
LIFE,LIF25080
LIFE,LIF25090
LIFE,LIF25100
LIFE,LIF27000
LIFE,LIF27100
LIFE,LIF27110
LIFE,LIF27120
LIFE,LIF27200
LIFE,LIF28095
LIFE,LIF28100
LIFE,LIF29000
LIFE,LIF29010
LIFE,LIF29020
LIFE,LIF29030
LIFE,LIF29040
LIFE,LIF29095
LIFE,LIF29100
LIFE,LIF47000
#REQWOB,LIF47000.REQ
LIFE,LIF47040
LIF1099,LIF47050
LIF1099,LIF47110
LIF1099,LIF47200
LIF1099,LIF47210
LIFE,LIF47295
LIFE,LIF47300
LIFE,LIF47305
LIFE,LIF47310
LIFE,LIF48015
LIFE,LIF48020
LIFE,LIF49000
LIFE,LIF49010
LIFE,LIF61010
LIFE,LIF61020
LIFE,LIF61030
LIFE,LIF61040
LIFE,LIF61060
LIFE,LIF61080
LIFE,LIF61090
LIFE,LIF61110
LIFE,LIF61130
LIFE,LIF61150
LIFE,LIF61160
LIFE,LIF61170
LIFE,LIF61190
LIFE,LIF61201
LIFE,LIF61210
LIFE,LIF62000
LIFE,LIF69010
LIFE,LIF69020
LIFE,LIF69030
LIFE,LIF69040
LIFE,LIF69050
LIFE,LIF69060
LIFE,LIF69070
LIFE,LIF69080
LIFE,LIF69090
LIFE,LIF80000
LIFE,LIF80010
LIFECNI,LIF80030
LIFECNF,LIF80030.CNF
LIFE,LIF80045
LIFE,LIF80050
LIFE,LIF80100
LIFE,LIF80200
LIFE,LIF89900
LIFE,LIF89920
LIFE,LIF89930
LIFE,LJA00007
PAYROLL,LJD00017
LIFE,LMM00007
LIFE,LMM00012
IMSP,LOOK#BCK.001
IMSP,LOOK#BCK.002
DAILY,LOOK#BCK.003
DATESCH,LOOK#BCK.004
IMSP,LOOK#BCK.005
IMSP,LOOK#BCK.006
IPLDOWN,LOOK#BCK.007
IPLDOWN,LOOK#BCK.008
IPLDOWN,LOOK#BCK.009
IPLDOWN,LOOK#BCK.010
IPLDOWN,LOOK#BCK.011
IPLDOWN,LOOK#BCK.012
IPLDOWN,LOOK#BCK.013
IPLDOWN,LOOK#BCK.014
IPLDOWN,LOOK#BCK.015
IPLDOWN,LOOK#BCK.016
IPLDOWN,LOOK#BCK.017
DBAP,LOOK#BCK.027
DATESCH,LOOK#BCK.028
IMSP,LOOK#BCK.029
IMSP,LOOK#BCK.030
CICS,LOOK#BCK.031
IMSP,LOOK#BCK.032
IMSP,LOOK#BCK.033
DATESCH,LOOK#BCK.034
IMSP,LOOK#BCK.035
IMSP,LOOK#BCK.036
CICS,LOOK#BCK.037
CICS,LOOK#BCK.038
IMSP,LOOK#BCK.039
PMIHCP,LOOK#BCK.040
IMSP,LOOK#BCK.041
IMSP,LOOK#BCK.042
DAILY,LOOK#BCK.043
IMSP,LOOK#BCK.044
IMSP,LOOK#BCK.045
IMSP,LOOK#BCK.046
IMSP,LOOK#BCK.047
IMSP,LOOK#BCK.048
IMSP,LOOK#BCK.049
LIFE,LTM00200
LIFE,LTM00210
LIFECNF,LUR216LF
LIFE,LUS00001
LIFE,LVM00001
LIFE,L9100
LIFE,L9200
MONTHLY,MACCYCLE
MONTHLY,MACEY999
MONTHLY,MACTRIG1
MONTHLY,MACTRIG2
MONTHLY,MACTRIG3
MONTHLY,MAC17000
MONTHLY,MAC17100
MONTHLY,MAC22300
MONTHLY,MAC26200
MONTHLY,MAC26230
MONTHLY,MAC26250
MONTHLY,MAC28180
MONTHLY,MAC28185
MONTHLY,MAC30000
CUTOFFS,MAC30015
MONTHLY,MAC30360
MONTHLY,MAC31000
MONTHLY,MAC31170
MONTHLY,MAC32100
MONTHLY,MAC33960
MONTHLY,MAC34000
MONTHLY,MAC34100
CATPRD1,MAC34300
CATTST1,MAC34315
MONTHLY,MAC34600
MONTHLY,MAC34650
MONTHLY,MAC35000
MONTHLY,MAC3600Y
MONTHLY,MAC36000
MONTHLY,MAC36200
MONTHLY,MAC36230
MONTHLY,MAC38070
MONTHLY,MAC38200
MONTHLY,MAC40000
CUTOFFS,MAC40015
MONTHLY,MAC40800
CUTOFFS,MAC40815
MONTHLY,MAC40970
MONTHLY,MAC41200
MONTHLY,MAC46000
MONTHLY,MAC46500
MONTHLY,MAC48100
MONTHLY,MAC48200
MONTHLY,MAC50600
CUTOFFS,MAC50615
MONTHLY,MAC60000
DATAMRT,MAC60015
MONTHLY,MAC60100
DATAMRT,MAC60115
MONTHLY,MAC60120
MONTHLY,MAC60200
DATAMRT,MAC60215
MONTHLY,MAC60350
MONTHLY,MAC60390
MONTHLY,MAC60410
MONTHLY,MAC60450
MONTHLY,MAC60540
MONTHLY,MAC60560
MONTHLY,MAC60590
MONTHLY,MAC60600
MONTHLY,MAC60700
CUTOFFS,MAC60715
MONTHLY,MAC60800
MONTHLY,MAC61100
MONTHLY,MAC61200
MONTHLY,MAC61300
ACTPRGP,MAC62000
ACTPRGP,MAC62100
ACTPRGP,MAC62200
ACTPRGP,MAC62300
ACTPRGP,MAC62400
ACTPRGP,MAC62500
ACTPRGP,MAC62600
ACTPRGP,MAC62700
ACTPRGP,MAC63700
JANSPEC,MAC64265
MONTHLY,MAC66800
MONTHLY,MAC66840
MONTHLY,MAC67300
MONTHLY,MAC70010
MONTHLY,MAC90500
MONTHLY,MAC90510
MONTHLY,MAC90550
MONTHLY,MAC90560
MONTHLY,MAC90570
MONTHLY,MAC90780
MONTHLY,MAC90790
MONTHLY,MAC90800
MONTHLY,MAC91200
MONTHLY,MAC91240
MONTHLY,MAC91260
MONTHLY,MAC91350
DAILY,MAC92390
MONTHLY,MAC96550
MONTHLY,MAC96840
MONTHLY,MAC96960
MONTHLY,MAC97300
MONTHLY,MAC97301
MONTHLY,MAC97700
MONTHLY,MAC99500
MONTHLY,MAC99505
MONTHLY,MAC99510
LIFE,MAG40000
LIFE,MAG40800
OLINES,MAG60000
OLINES,MAG60800
DAILY,MAG65700
AUTOSCL,MAG90800
MAIL1,MAILTEST
MONTHLY,MAS34030
MONTHLY,MAS34230
DAILY,MAS65700
DAILY,MAS65710
DAILY,MAS65720
DAILY,MAS65750
MONTHLY,MAS70000
MONTHLY,MAS70300
MONTHLY,MAS70500
AUTOSCL,MCC1000M
AUTOSCL,MCC10000
OLINES,MCC1100M
OLINES,MCC11000
MCCHECK,MCC1300C
LIFE,MCC13000
MCCHECK,MCC1400C
LIFE,MCC14000
MCCHECK,MCC1500C
LIFE,MCC15000
LIFE,MCC15500
AGENCY,MCC15800
LIFE,MCC16000
LIFE,MCC16500
LIFE,MCC18000
LIFE,MCC18001
LIFE,MCC19000
LIFE,MCC20500
LIFE,MCC20600
AGENCY,MCC21000
AGENCY,MCC21300
AGENCY,MCC21500
AGENCY,MCC22500
LIFE,MCC22600
LIFE,MCC23000
AGENCY,MCC31000
LIFE,MCR24000
LIFE,MCR24100
LIFE,MCY17900
LIFE,MCY24500
COMREQ3,MCY24500.REQ
CWSP,MECONVER
CWSP,MECONVER.EAR
CWSP,MEFLCLEN
FSSYS,MFAR0800
FSSYS,MFAS0400
MONTHLY,MFAS0500
MONTHLY,MFAS0510
MONTHLY,MFAS0520
MONTHLY,MFAS0540
MONTHLY,MFAS0610
FSSYS,MFAS0620
MONTHLY,MMC22500
FINANCE,MMC22750
AGENCY,MMC66020
MONTHLY,MMM46100
MONTHLY,MMM46110
MONTHLY,MMM46120
MONTHLY,MMM46140
MONTHLY,MMM67000
DAILY,MMR01000
LIFE,MMR10500
MONTHLY,MMR10600
MONTHLY,MMR10610
MONTHLY,MMR10640
MONTHLY,MMR10645
MONTHLY,MMR1065Y
MONTHLY,MMR10650
MONTHLY,MMR10830
LIFE,MMR21500
LIFE,MMR21510
LIFE,MMR21520
LIFE,MMR21530
LIFE,MMR21600
LIFE,MMR21700
LIFE,MMR21800
LIFE,MMR21870
LIFE,MMR21880
MMR1099,MMR22800
MMR1099,MMR22900
MMR1099,MMR23000
MMR1099,MMR23001
MMR1099,MMR23002
MMR1099,MMR23012
MMR1099,MMR23102
MMR1099,MMR23103
MMR1099,MMR23104
MMR1099,MMR23105
MMR1099,MMR23106
MMR1099,MMR23109
MMR1099,MMR23110
MMR1099,MMR23112
MMR1099,MMR23113
MMR1099,MMR23150
MMR1099,MMR2320X
MMR1099,MMR23220
MMR1099,MMR23250
MMR1099,MMR23800
MONTHLY,MMR24000
AGENCY,MMR28000
BONUSOK,MMR62750
BONUSOK,MMR62751
BONUSOK,MMR62752
BONUSOK,MMR62753
MONTHLY,MMR66021
MONTHLY,MMR66022
MONTHLY,MMR66025
MONTHLY,MMR67610
MONTHLY,MMR67700
MONTHLY,MMS23900
MMR1099,MMS23900.109
MONTHLY,MMS23910
AGENCY,MMS66025
MONTHLY,MMX12010
AGENCY,MMY14020
AGENCY,MMY14020.EOM
AGENCY,MMY14030
CWSP,MONEXTRT
CWSP,MONEXTRT.EAR
MONTHLY,MPC09200
PMIHCP,MPP00100
PMIHCP,MPP010D
PMIHCP,MPP015D
PMIHCP,MPP030M
PMIHCP,MPP040
PMIHCP,MPP045
MONTHLY,MPR66020
MONTHLY,MPS62732
DAILY,MQP10100
DAILY,MQP10200
DAILY,MQP10300
DAILY,MQP10400
PAYROLL,MRMPNYLM
PAYROLL,MRMPNYLW
PSEOY3,MRMP004A
PSEOY2,MRMP004Y
PSEOY3,MRMP0040
PSEOY3,MRMP0045
PAYROLL,MRMP0070
PAYROLL,MRMP0700
PSEOY2,MRMP461Y
PSEOY4,MRMP4800
PSEOY4,MRMP4810
PSEOY3,MRMP520A
PAYROLL,MRMP7400
PAYROLL,MRMP7410
PAYROLL,MRMP7430
PAYROLL,MRMP7500
PAYROLL,MRMP7510
PAYROLL,MRMP7550
PAYROLL,MRMP7560
PSEOY4,MRRP0020
PSEOY1,MRRP0050
PSEOY1,MRRP008M
PSEOY1,MRRP008Y
MONTHLY,MRRP0570
PSEOY3,MRRP0890
PAYROLL,MRRP1020
PSSPEC,MRRP7000.001
PSSPEC,MRRP7000.002
PSSPEC,MRRP7000.003
PSSPEC,MRRP7000.004
PSSPEC,MRRP7000.005
PSSPEC,MRRP7000.006
PSSPEC,MRRP7000.007
PSSPEC,MRRP7000.008
PSSPEC,MRRP7000.009
PSSPEC,MRRP7000.010
PSSPEC,MRRP7000.011
PSSPEC,MRRP7000.012
PSSPEC,MRRP7000.013
PSSPEC,MRRP7000.014
PSSPEC,MRRP7000.015
PSSPEC,MRRP7000.016
PSSPEC,MRRP7000.017
PSSPEC,MRRP7000.018
PSSPEC,MRRP7000.019
PSSPEC,MRRP7000.020
PSSPEC,MRRP7000.021
PSSPEC,MRRP7000.022
PSSPEC,MRRP7000.023
PSSPEC,MRRP7000.024
PSSPEC,MRRP7000.025
PSSPEC,MRRP7000.026
PSSPEC,MRRP7000.027
PSSPEC,MRRP7000.028
PSSPEC,MRRP7000.029
PSSPEC,MRRP7000.030
PSSPEC,MRRP7000.031
PSSPEC,MRRP7000.032
PSSPEC,MRRP7000.033
PSSPEC,MRRP7000.034
PSSPEC,MRRP7000.035
PSSPEC,MRRP7000.036
PSSPEC,MRRP7000.037
PSSPEC,MRRP7000.038
PSSPEC,MRRP7000.039
PSSPEC,MRRP7000.040
PSSPEC,MRRP7000.041
PSSPEC,MRRP7000.042
PSSPEC,MRRP7000.043
PSSPEC,MRRP7000.044
PSSPEC,MRRP7000.045
PSSPEC,MRRP7000.046
PSSPEC,MRRP7000.047
PSSPEC,MRRP7000.048
PSSPEC,MRRP7000.049
PSSPEC,MRRP7000.050
PSSPEC,MRRP7000.051
PSSPEC,MRRP7000.052
PSSPEC,MRRP7000.053
PSSPEC,MRRP7000.054
PSSPEC,MRRP7000.055
PSSPEC,MRRP7000.056
PSSPEC,MRRP7000.057
PSSPEC,MRRP7000.058
PSSPEC,MRRP7000.059
PSSPEC,MRRP7000.060
PSSPEC,MRRP7000.061
PSSPEC,MRRP7000.062
PSSPEC,MRRP7000.063
PSSPEC,MRRP7000.064
PSSPEC,MRRP7000.065
PSSPEC,MRRP7000.066
PSSPEC,MRRP7000.067
PSSPEC,MRRP7000.068
PSSPEC,MRRP7000.069
PSSPEC,MRRP7000.070
PSSPEC,MRRP7000.071
PSSPEC,MRRP7000.072
PSSPEC,MRRP7000.073
PSSPEC,MRRP7000.074
PSSPEC,MRRP7000.075
PSSPEC,MRRP7000.076
PSSPEC,MRRP7000.077
PSSPEC,MRRP7000.078
PSSPEC,MRRP7000.079
PSSPEC,MRRP7000.080
PSSPEC,MRRP7000.081
PSSPEC,MRRP7000.082
PSSPEC,MRRP7000.083
PSSPEC,MRRP7000.084
PSSPEC,MRRP7000.085
PSSPEC,MRRP7000.086
PSSPEC,MRRP7000.087
PSSPEC,MRRP7000.088
PSSPEC,MRRP7000.089
PSSPEC,MRRP7000.090
PSSPEC,MRRP7000.091
PSSPEC,MRRP7000.092
PSSPEC,MRRP7000.093
PSSPEC,MRRP7000.094
PSSPEC,MRRP7000.095
PSSPEC,MRRP7000.096
PSSPEC,MRRP7000.097
PSSPEC,MRRP7000.098
PSSPEC,MRRP7000.099
PSSPEC,MRRP7000.100
PSSPEC,MRRP7000.101
PSSPEC,MRRP7000.102
PSSPEC,MRRP7000.103
PSSPEC,MRRP7000.104
PSSPEC,MRRP7000.105
PSSPEC,MRRP7000.106
PSSPEC,MRRP7000.107
PSSPEC,MRRP7000.108
PSSPEC,MRRP7000.109
PSSPEC,MRRP7000.110
PSSPEC,MRRP7000.111
PSSPEC,MRRP7000.112
PSSPEC,MRRP7000.113
PSSPEC,MRRP7000.114
PSSPEC,MRRP7000.115
PSSPEC,MRRP7000.116
PSSPEC,MRRP7000.117
PSSPEC,MRRP7000.118
PSSPEC,MRRP7000.119
PSSPEC,MRRP7000.120
PSSPEC,MRRP7000.121
PSSPEC,MRRP7000.122
PSSPEC,MRRP7000.123
PSSPEC,MRRP7000.124
PSSPEC,MRRP7000.125
PSSPEC,MRRP7000.126
PSSPEC,MRRP7000.127
PSSPEC,MRRP7000.128
PSSPEC,MRRP7000.129
PSSPEC,MRRP7000.130
PSSPEC,MRRP7000.131
PSSPEC,MRRP7000.132
PSSPEC,MRRP7000.133
PSSPEC,MRRP7000.134
PSSPEC,MRRP7000.135
PSSPEC,MRRP7000.136
PSSPEC,MRRP7000.137
PSSPEC,MRRP7000.138
PSSPEC,MRRP7000.139
PSSPEC,MRRP7000.140
PSSPEC,MRRP7000.141
PSSPEC,MRRP7000.142
PSSPEC,MRRP7000.143
PSSPEC,MRRP7000.144
PSSPEC,MRRP7000.145
PSSPEC,MRRP7000.146
PSSPEC,MRRP7000.147
PSSPEC,MRRP7000.148
PSSPEC,MRRP7000.149
PSSPEC,MRRP7000.150
PSSPEC,MRRP7000.151
PSSPEC,MRRP7000.152
PSSPEC,MRRP7000.153
PSSPEC,MRRP7000.154
PSSPEC,MRRP7000.155
CWSP,MSBCLUP
CWSP,MSBINBND
CWSP,MSBNOTES
LIFE,MTHLYCYL
MONTHLY,MUC10500
MONTHLY,MUC20000
MONTHLY,MUC4900Y
MONTHLY,MUC49000
MONTHLY,MUC4910Y
MONTHLY,MUC49100
AGENCY,MUC49200
MONTHLY,MUC49240
MONTHLY,MUC4930Y
MONTHLY,MUC49300
MONTHLY,MUC49400
MONTHLY,MUC49410
AGENCY,MUC49420
MONTHLY,MUC49440
MONTHLY,MUC49460
MONTHLY,MUC49900
MONTHLY,MUC5000Y
MONTHLY,MUC50000
MONTHLY,MUC50200
MONTHLY,MUC50250
MONTHLY,MUC50300
MONTHLY,MUC50500
MONTHLY,MUC5100Y
MONTHLY,MUC51000
MONTHLY,MUC5500Y
MONTHLY,MUC55000
MONTHLY,MUC55200
MONTHLY,MUC55300
MONTHLY,MUC55400
MONTHLY,MUC55800
MONTHLY,MUC56100
MONTHLY,MUC5620Y
MONTHLY,MUC56200
MONTHLY,MUC56700
MONTHLY,MUC56800
MONTHLY,MUC65000
MONTHLY,MUC90000
MONTHLY,MUC90100
MONTHLY,MUR20020
MONTHLY,MUR57000
MONTHLY,MUR57010
MONTHLY,MUR57050
MONTHLY,MUR57100
MONTHLY,MUR57300
MONTHLY,MUR57400
MONTHLY,MUR58000
MONTHLY,MUR58010
MONTHLY,MUR58300
MONTHLY,MUR58400
MONTHLY,MUR59100
MONTHLY,MUR59300
MONTHLY,MUR59350
MONTHLY,MUR59360
MONTHLY,MUR59370
MONTHLY,MUR59380
MONTHLY,MUR59500
MONTHLY,MUR59520
MONTHLY,MUS25100
DAILY,MUS41190
MONTHLY,MUS49510
MONTHLY,MUS49520
MONTHLY,MUS49525
MONTHLY,MUS49530
MONTHLY,MUS49540
MONTHLY,MUS49550
MONTHLY,MUS49560
MONTHLY,MUS49580
MONTHLY,MUS50700
MONTHLY,MUS58500
MONTHLY,MUS58520
DAILY,MXG00100
DAILY,MXG00150
DATESCH,NHC00010
LIFE,NHC00100
LIFE,NHC00200
LIFE,NHC00300
LIFE,NHC00350
LIFE,NHC00400
LIFE,NHC00600
LIFE,NHC01400
OLINES,NOCL0200
DATESCH,NOC00010
OLINES,NOC00050
OLINES,NOC00100
OLINES,NOC00200
OLINES,NOC00300
OLINES,NOC00400
OLINES,NOC01000
OPNOCP0,NOC04000
NOCSEND,NOC04010.REQ
DATESCH,NOD00010
OLINES,NOD00400
BCHDATE,NOLDATE
OLINES,NOU00100
OLINES,NOU00200
OLINES,NOU00300
OLINES,NOU00311
OLINES,NOU00314
OLINES,NOU00350
OLINES,NOU01200
OLINES,NOU01300
FINANCE,NTCNCR01
FINANCE,NTCNCR02
FINANCE,NTCVER01
FINANCE,NTCVER02
OPC21F1,1 NTC21F11
CWSP,NTENTS01
PAYROLL,NTPAYA01
PAYVIST,A NTPAYR00
PAYVIST,A NTPAYS00
PAYVIST,A NTPAYS01
PAYROLL,NTPAYS02
NUR0000,X NUR00001
LIF1099,N9400
LIF1099,N9400DUM
LIF1099,N9404
LIF1099,N9405KS
LIF1099,N9410
LIF1099,N9411
OLINES,OCPYCASH
OLINES,OCPYCLMS
OLINES,OCPYPREM
CWSP,OFAC0001
CWSP,OFAC0002
DAILY,OFAC0100
LIFE,OMDELERR
LIFE,OMDELIMG
LIFE,OMDELLIR
LIFE,OMDELOUT
LIFE,OMDELSBR
LIFE,OMDELUNR
BCHDATE,OMD00001
BBHOWEL,OMD00100
BBHOWEL,OMD00110
OMD0011,0 OMD00110.H06
BBHOWEL,OMD00200
LIFE,OMD02801
LIFE,OMD02802
LIFE,OMD02803
LIFE,OMD02804
LIFE,OMD02809
LIFE,OMD02821
AUTOSCL,OMD03031
AUTOSCL,OMD03041
AUTOSCL,OMD03051
AUTOSCL,OMD03061
AUTOSCL,OMD03062
AUTOSCL,OMD03063
AUTOSCL,OMD03064
AUTOSCL,OMD03071
AUTOSCL,OMD03999
CWSP,OMD12101
ECOM,OMD13001
OLINES,OMD13011
AUTOSCL,OMD22111
AUTOSCL,OMD23111
AUTOSCL,OMD29999
OLINES,OMD32111
CWSP,OMD32211
CWSP,OMD32213
CWSP,OMD32214
CWSP,OMD32218
OLINES,OMD33841
OLINES,OMD39999
PROFOMD,OMD40001
PROFOMD,OMD40003
PROFBOO,K OMD40011
PROFBOO,K OMD40013
PAYVIST,A OMD41031
PAYVIST,A OMD41033
MONTHLY,OMD41051
MONTHLY,OMD41053
MMR1099,OMD41101
MMR1099,OMD41103
MMR1099,OMD41104
LIF1099,OMD41111
LIF1099,OMD41113
LIF1099,OMD41121
LIF1099,OMD41123
PYANN,OMD41131
PYANN,OMD41133
MMR1099,OMD41141
LIF1099,OMD41151
LIF1099,OMD41161
PYANN,OMD41171
LIFE,OMD41181
PYANN,OMD41191
PYANN,OMD41193
PSEOY4,OMD41201
PSEOY4,OMD41203
PYANN,OMD41211
PSEOY4,OMD41221
LIFE,OMD42801
LIFE,OMD42802
LIFE,OMD42803
LIFE,OMD42804
LIFE,OMD42809
OLINES,OMD51101
OLINES,OMD51103
AUTOSCL,OMD52011
AUTOSCL,OMD53221
LIFE,OMD60001
LIFE,OMD60002
LIFE,OMD61111
LIFE,OMD62011
LIFE,OMD62012
LIFE,OMD62801
LIFE,OMD62802
LIFE,OMD62803
LIFE,OMD62804
LIFE,OMD62809
LIFE,OMD63011
LIFE,OMD63051
LIFE,OMD69999
OMD8REQ,OMD84001
OMD8REQ,OMD84003
DAILY,OMIBKAPP
DAILY,OMIBKAPR
DAILY,OMICLD00
OMICWSH,S OMICLH00
OMICWSI,N OMICLI00
OMICWSP,R OMICLP00
CMPURGE,OMICLRLP
DAILY,OMICLR00
OMICWSF,X OMICLS00
CWSPURG,E OMICWSPP.PUR
DAILY,OMIEDSPR
DAILY,OMIFNDPR
DAILY,OMIINVPP
DAILY,OMIINVPR
CMPURGE,OMILICPP
CMPURGE,OMILICPR
CMPURGE,OMILIPPU
CMPURGE,OMILREPP
CMPURGE,OMILREPR
CMPURGE,OMILSBPP
CMPURGE,OMILSBPR
DAILY,OMIMAGPP
DAILY,OMIMAGPR
DAILY,OMIMEDRI
DAILY,OMIMFSPP
DAILY,OMIMFSPR
DAILY,OMIMPPUD
DAILY,OMIMSNPP
DAILY,OMIMSNPR
DAILY,OMIPCTP
CMPURGE,OMIPICPR
IMAGING,2 OMIRXIMP.AM
CMPURGE,OMISBMPP
CMPURGE,OMISBMPR
DAILY,OMIW0001
DAILY,OMIW0002
DAILY,OMIW0003
DAILY,OMIW0005
DAILY,OMIW0006
DAILY,OMIW0007
DAILY,OMIW0008
DAILY,OMIW0009
DAILY,OMIW0011
DAILY,OMIW0012
DAILY,OMIW0013
DAILY,OMIW0016
DAILY,OMIW0017
OTPSCL,OMI06900
OTPSCL,OMI07000
OTPSCL,OMI07010
OTPSCL,OMI07100
OTPSCL,OMI09010
OTPSCL,OMI10000
DATESCH,ONL00001
OLINCPY,OOO00002
AGTDEF1,OPAGTDF1.DEF
AGTGEF1,OPAGTGF1
ASUPGET,OPAGTG01
AGTSU00,OPAGTU00
OPMSFT0,1 OPALRTOF.%US
IPLDOWN,OPALRTOF.PSE
OPMSFT0,1 OPALRTON.%US
IPLDOWN,OPALRTON.PSE
IMAGING,OPAPPC00
IMAGING,OPAPPG00
IMAGING,OPAPPR00
BBHOWEL,OPBBHS00
RMMXNET,OPCAVCHK
TIMECHG,OPCICRES
CICS,OPCICSDN
CICS,OPCICSUP
RMMXNET,OPCOLD01
COMMP00,OPCOMP00
OPCOU00,OPCOMU00
IMAGING,OPCOPA1R
IMAGING,OPCOPA2F
IMAGING,OPCOPA3D
OPMKF01,OPCPMF01
OPCPP20,OPCPTP20
OPCPU20,OPCPTU20
DAILY,OPCTSC01
OPCTD00,OPCTSD50
OPCTF04,OPCTSF04
OPCTP00,OPCTSP00
OPCTU00,OPCTSU00
DAILY,OPC11P00
OPC21F0,1 OPC21F01
OPC21F0,2 OPC21F02
OPC21F0,3 OPC21F03
OPC21F0,4 OPC21F04
OPC21F0,5 OPC21F05
OPC21F0,6 OPC21F06
OPC21F0,7 OPC21F07
OPC21S0,1 OPC21S01
OPC21E0,1 OPC21S01.SUM
OPC21U0,1 OPC21U01
OP05F10,OPC5GF01
OP05F01,OPC5SF01
OP05U00,OPC58M00
OP05U00,OPC58U00
OP05U40,OPC59F01
OP05U20,OPC59U00
IPLDOWN,OPDB2D01
OPC21E0,1 OPDETS01
IMAGING,OPEMSC00
IMAGING,OPEMSG00
IMAGING,OPEMSR00
DATAMRT,OPENDCLD
DBAP,OPENDRPE
DAILY,OPEOMV01
IMSP,OPESPIMS.TRA
AUTOSCL,OPESPMOT
DAILY,OPESPSMS
ESPTEST,OPESPTST.REQ
IPLDOWN,OPESP010.BAT
IPLDOWN,OPESP020.RMM
IPLDOWN,OPESP025.BAT
IPLDOWN,OPESP100
DAILY,OPESP111.END
IPLDOWN,OPESP115.BAT
IPLDOWN,OPESP116.RMM
IPLDOWN,OPESP120.BAT
DAILY,OPESR001
OPEXF01,OPEXPF01
OPEXP00,OPEXPP00
OPEXS01,OPEXPU00
IMAGING,OPHHPC00
IMAGING,OPHHPG00
IMAGING,OPHHPR00
IPLDOWN,OPHSMD01
IPLDOWN,OPHSMU01
IMAGING,2 OPIMGM00.AM
IMAGING,OPIMGM00.APP
IMAGING,OPIMGM00.EMS
IMAGING,OPIMGM00.HHP
IMAGING,OPIMGM00.LAB
IMAGING,2 OPIMGM00.PM
IMAGING,OPIMGU00.APP
IMAGING,OPIMGU00.EMS
IMAGING,OPIMGU00.HHP
IMAGING,OPIMGU00.LAB
IMAGING,OPIMGU01.APP
IMAGING,OPIMGU01.EMS
IMAGING,OPIMGU01.HHP
IMAGING,OPIMGU01.LAB
IMSP,OPIMSEOD
IMSP,OPIMSPDN
IMSWRMU,P OPIMSRST.WRM
IMSWRMU,P OPIMSR01.WRM
IMSWRMU,P OPIMSW01.WRM
IMSP,OPIMS102.PM
TIMECHG,OPINTDRN
OPISS01,OPISSEND.REQ
AUTOSCL,OPKANP00
AUTOSCL,OPKND000
OPKYDF0,OPKYDF01
OPKYF00,OPKYF000
OPKYF10,OPKYF010
OPKYP00,OPKYP000
OPKYU10,OPKYU010
OPKYU20,OPKYU020
IMAGING,OPLABC00
IMAGING,2 OPLABC01.AM
IMAGING,2 OPLABC01.PM
IMAGING,OPLABG00
IMAGING,2 OPLABG01.AM
IMAGING,2 OPLABG01.PM
IMAGING,OPLABR00
IMAGING,2 OPLABR01.AM
IMAGING,2 OPLABR01.AME
IMAGING,2 OPLABR01.AMP
IMAGING,2 OPLABR01.PM
IMAGING,2 OPLABR01.PME
IMAGING,2 OPLABR01.PMP
OPLEX01,OPLEXG01
DAILY,OPLOGCPY
TIMECHG,OPMOND01
TIMECHG,OPMONUP1
TIMECHG,OPMONUP2
OPMSFT0,1 OPMSFD01.%US
IPLDOWN,OPMSFD01.PSE
OPMSFT0,1 OPMSFS01.%US
IPLDOWN,OPMSFS01.PSE
OPNEF01,OPNEBF01
OPNEF10,OPNEBF10
OPNEF20,OPNEBF20
OPNEP00,OPNEBP00
OPNEU00,OPNEBU00
AUTOSCL,OPNVRECV
OPOKF01,OPOKAF01
OPOKF02,OPOKAF02
OPOKP00,OPOKAP00
OPOKS01,OPOKAS01
OPOPTF0,1 OPOPTF01
OPOPTS0,1 OPOPTS01
FINANCE,OPOSIU00
IPLDOWN,OPOTD001
DAILY,OPPASV01
PINGSRV,OPPING01
DAILY,OPPRTR01
DAILY,OPPR30R0
DAILY,OPREMU00
TIMECHG,OPRESBOF
DAILY,OPSARPAC
DBAP,OPSDROP1
CWSULP,OPTCWS34
TIMECHG,OPTIME01
IMSP,OPTOD000.NEW
IMSP,OPTOD101.BEG
CICS,OPTOD102.BEG
CICS,OPTOD103.BEG
IMSP,OPTOD200.MID
IMSP,OPTOD275.PRE
IMSP,OPTOD300.REG
IMSP,OPTOD400.PRE
IMSP,OPTOD420.BEG
OPTRIG0,1 OPTRIG01.%JB
ESPTIME,R OPT2NDBA
ESPTIME,R OPT3NALL
ESPTIME,R OPT3NDBA
OPT99U0,0 OPT99U00
FTURIS0,1 OPURIS01
RMMXNET,OPXARCS0
RMMXNET,OPXARCT0
RMMXNET,OPXNTD01
RMMXNET,OPXNTS01
BRPRECV,OPXNTS10
OP05P20,OP05DE01
AUTOSCL,OP05P000
OP05RRN,OP05P000.REQ
OP05P10,OP05P010.AM
OP05P10,OP05P010.PM
AUTOSCL,OP05S000
CA11RIM,S OP11RIMS.%US
CWSP,ORFLCLEN
ECCARDS,ORPHANS
FINANCE,OSIR0001
OTPAADM,OTPW0010
IPLDOWN,OTPW0010.IPL
OTPAADM,OTPW0020
IPLDOWN,OTPW0020.IPL
IPLDOWN,OTPW0030.IPL
IPLDOWN,OTPW0040.IPL
RMMXNET,OTPW0050
RMMXNET,OTPW0060
OTPSCL,OTP01000
OTPCLMS,OTP01200
OTPAGEN,T OTP02000
OTPAADM,OTP10600
OTPREQ,OTP10800
RMMXNET,OTP80ARL
RMMXNET,OTP80GIX
RMMXNET,OTP80GSX
RMMXNET,OTP80OTH
DAILY,PAC010
CWSP,PAC02000
AUTOSCL,PALSPA
AUTOSCL,PAPMOTCP
AUTOCPY,PAP001.REQ
AUTOSCL,PAP080
AUTOSCL,PAP080H
AUTOSCL,PAP085
AUTOSCL,PAP104
AUTOSCL,PAP105
AUTOSCL,PAP112
AUTOSCL,PAP130
AUTOSCL,PAP136
AUTOSCL,PAP160
AUTOSCL,PAP160M
AUTOSCL,PAP160Y
AUTOSCL,PAP400
JTAGENT,PAP400S
MONTHLY,PAP600
DATESCH,PAP900
AUTOSCL,PAP90800
DAILY,PASDAT01
AUTOSCL,PAS091
AUTOSCL,PAS093
PYANN,PAYABAV
PYANN,PAYM0998
PAYVIST,A PAYVI806
PYANN,PAYVI821
PYANN,PAYVI842
PYANN,PAYVI854
PYANN,PAYVI859
PYANN,PAYVI874
PYANN,PAYVI885
PAYROLL,PAYVI889
PYANN,PAYVI900
PAYVIST,A PAYVI932
PAYROLL,PAYVI933
PYANN,PAYVI942
PYANN,PAYVI949
PYANN,PAYVI956
PYANN,PAYVI980
PYANN,PAYVI990
PYANN,PAYVI994
ANNBUD,PAYVI998
PYANN,PAYVI999
PYANN,PAYV1003
PYANN,PAYV1030
PYANN,PAYV1057
PAYROLL,PAYV1156
PYATA,PAYV1206
PYANN,PAYV1219
PYANN,PAYV1225
PYANN,PAYV1229
PYANN,PAYV1238
PYANN,PAYV2003
PYANN,PAYV2010
PYANN,PAYV2013
PYANN,PAYV2014
PAYVIST,A PAYV2016
RET,PAYV2019
CTSEDI,PAYV2024
PYATA,PAYV2028
PAYVIST,A PAYV3000
PAYVIST,A PAYV3001
PAYVIST,A PAYV3002
PAYVIST,A PAYV3003
PAYVIST,A PAYV3004
PAYVIST,A PAYV3005
PAYVIST,A PAYV3007
PAYROLL,PAYV3009
PAYROLL,PAYV3011
PAYROLL,PAYV3012
PAYROLL,PAYV3014
PAYROLL,PAYV3017
PAYROLL,PAYV3018
PAYROLL,PAYV3021
BONUSOK,PAYV3025
PAYROLL,PAYV3028
ANNBUD,PAYV3029
PAYROLL,PAYV3030
PAYROLL,PAYV3035
PAYROLL,PAYV3036
PAYROLL,PAYV3037
QUOTE,PAYV9000.REQ
PYANN,PAYV995L
FTPAYS0,1 PAYWS001
DATESCH,PDPDATES
AUTOSCL,PDP000
DATESCH,PDP02526
AUTOSCL,PDP071
AUTOSCL,PDP077
AUTOSCL,PDP079
AUTOSCL,PDP085
AUTOSCL,PDP700
AUTOSCL,PDP751
AUTOSCL,PLPW850R
JTAGENT,PLPW870R
AUTOSCL,PLP125
AUTOSCL,PLP125R
AUTOSCL,PLP125RC
PLP125R,X PLP125RX
AUTOSCL,PLP150
AUTOSCL,PLP150F
OP15S00,PLP150F.REQ
AUTOSCL,PLP150R
AUTOSCL,PLP270
AUTOSCL,PLP270R
MONTHLY,PLP410
JTAGENT,PLP510
PLP5SND,PLP510.REQ
OPKYD00,PLP510RC
JTAGENT,PLP510T
PLP5SND,PLP510T.REQ
JTAGENT,PLP520
PLP5SND,PLP520.REQ
OPKYD00,PLP520RC
JTAGENT,PLP520T
PLP5SND,PLP520T.REQ
AUTOSCL,PLP660
AUTOSCL,PLP660C
AUTOSCL,PLP660T
AUTOSCL,PLP6601
AUTOSCL,PLP6602
AUTOSCL,PLP6603
AUTOSCL,PLP6604
AUTOSCL,PLP670
AUTOSCL,PLP680C
AUTOSCL,PLP700
AUTOSCL,PLP710
AUTOSCL,PLP720
JTAGENT,PLP820
JTAGENT,PLP830
JTAGENT,PLP830R
SEND820,PLP845
AUTOSCL,PLP850
AUTOSCL,PLP850E
OKSEND,PLP850S.REQ
MONTHLY,PLP860
MONTHLY,PLP870
AUTOSCL,PLP880
AUTOSCL,PLP880F
PMIHCP,PMI090
AUTOSCL,PMR12500
AUTOSCL,PMR12510
AUTOSCL,PMR12550
COLSEND,PMR12550.REQ
AUTOSCL,PMR12700
AUTOSCL,PMR20000
AUTOSCL,PMR20100
MONTHLY,PMR21000
AUTOSCL,PMS31000
OLINES,POC010
OLINES,POC011
OLINES,POC012
OLINES,POP010
OLINES,POP011
OLINES,POP012
OLINES,POP020
OLINES,POP030
OLINES,POP055
OLINES,POP070
OLINES,POP095
OLINES,POP096
OLINES,POP097
OLINES,POP1010
OLINES,POP102
OLINES,POP113
OLINES,POP115
OLINES,POP130
OLINES,POP150
OLINES,POP160
OLINES,POP170
OLINES,POP180
MONTHLY,POP18800
DATESCH,POP25
OLINES,POP26
OLINES,POP27
OLINES,POP300
OLINES,POP320
OLINES,POP360
OLINES,POP440
OLINES,POP470
OLINES,POP485
POP500,POP500
POP510,POP510
POP510,POP510R
OLRSTR,POP610.RSTR
OLINES,POP660C
OLINES,POP680C
OLINES,POP720
OLINES,POP79DLY
OLINES,POP80DLY
OLINES,POP80H
OLINES,POP802
OLINES,POP803M
OLINES,POP803Y
OLINES,POP820M
OLINES,POP820Y
OLINES,POP870
OLINES,POP870AP
OLINES,POP875
OLINES,POP880D
MONTHLY,POP960
OLINES,POP961
OLINES,POS091
OLINES,POS092
OLINES,POS093
AUTOCPY,PPP00002.REQ
DAILY,PR0030
DAILY,PR0031
OLINES,PR0930
OLINES,PR0931.REQ
OLINES,PR0932
OLINES,PR0933.REQ
OLINES,PR0955.REQ
OLINES,PR0960
PURGECS,F PURGE
CWSPURG,E PVCC9930.PUR
MONTHLY,PVCC9932
OLINES,PVCP0500
ECOM,PYAUTH
ECPYMTS,PYHOURLY
ECOM,PYPURGE
ECOM,PYRPTDEP
ECOM,PYRPTPOL
ECOM,PYSETTLE
ECOM,PYXTRACC
ECOM,PYXTRAUT
ECOM,PYXTRECM
ECOM,PYXTRLIF
ECOM,PYXTROLN
IPLDOWN,RAB00310
DAILY,RAB14000
RACFSCL,RAC00001
RACFSCL,RAC00002
RACFSCL,RAC00003
RACFSCL,RAC00004
RBXP,RBC00100
RBXP,RBS00110
RBXP,RBS00111
RBXP,RBS00120
RBXP,RBS00170
RBXP,RBS00190
RBXP,RBS00200
RBXP,RBU00100
RBXP,RBU00110
RBXP,RBU00120
RBXP,RBU00150
RBXP,RBU00200
RBXP,RBU00220
CPRENEW,RENEWALS
ANNBUD,RESOURCE.SET
RET,RET10000
RET,RET10100
RET,RET11000
RET,RET12200
RET,RET12500
RET,RET12600
RET,RET13000
RET,RET13500
RET,RET17000
RET,RET18000
RET,RET19000
RET,RET30100
RET,RET30200
RET,RET30300
RET,RET41000
RET,RET42000
RMMXNET,RMMDAT01
RMMXNET,RMM00100
RMMXNET,RMM00101
IPLDOWN,RMM00700
RMMXNET,RMM0100A
RMMXNET,RMM0100B
SALLMS0,1 SALLMS01
ECOM,SALLMS02
ECOM,SALN0001
ECOM,SALN0002
ECOM,SALWEB01
ECOM,SALW0001
ECOM,SAL00020
ECOM,SAL00030
ECOM,SAL00040
ECOM,SAL00900
ECOM,SAL10300
ECOM,SAL10600
ECOM,SAL10700
ECOM,SAL10800
CWSP,SAL10801
ECOM,SAL10810
CWSP,SAL10811
ECOM,SAL10900
ECOM,SAL11000
ECOM,SAL11300
ECOM,SAL11600
ECOM,SAL11800
ECOM,SAL11900
ECOM,SAL12700
ECOM,SAL13600
ECOM,SAL13601
ECOM,SAL13700
ECOM,SAL15600
ECOM,SAL16600
ECOM,SAL17600
ECOM,SAL20300
ECOM,SAL20600
ECOM,SAL20700
ECOM,SAL21600
ECOM,SAL23700
ECOM,SAL30100
ECOM,SAL30200
ECOM,SAL30300
ECOM,SAL30400
ECOM,SAL30500
ECOM,SAL30600
ECOM,SAL30800
ECOM,SAL40201
ECOM,SAL40202
ECOM,SAL40203
ECOM,SAL40204
ECOM,SAL40205
ECOM,SAL40206
ECOM,SAL40207
ECOM,SAL40210
ECOM,SAL40900
ECOM,SAL50100
ECOM,SAL50110
ECOM,SAL51100
ECOM,SAL52100
ECOM,SAL60100
ECOM,SAL60110
ECOM,SAL60200
ECOM,SAL60300
ECOM,SAL80100
ECOM,SAL90300
ECOM,SAL90310
ECOM,SAL90400
ECOM,SAL90410
ECOM,SAL90500
ECOM,SAL90600
ECOM,SAL90700
ECOM,SAL90900
ECOM,SAL90901
ECOM,SAL90920
ECOM,SAL90921
ECOM,SAL91400
MONTHLY,SCC01020
FINANCE,SCC01030
BRPRECV,SDUDASD.01
BRPRECV,SDUDASD.02
CWSORDR,SENDORDR
SFBANK,SFB00001
SFBANK,SFB00002
SFBANK,SFB09000
FINANCE,SIHC1000
HUONARC,SIHC5500.REQ
FINANCE,SIHC8500
FINANCE,SIHJ0001
FINANCE,SIHJ7600
CWSENTF,X SIHJ9990
FINANCE,SIHS0001
FINANCE,SIHS0100
FINANCE,SIHS0600
REINS,SIHS1000
FINANCE,SIHS1200
FINANCE,SIHS1300
FINANCE,SIHS1400
FINANCE,SIHS1700
FINANCE,SIHS1800
FINANCE,SIHS1900
FINANCE,SIHS2000
FINANCE,SIHS2100
FINANCE,SIHS2200
FINANCE,SIHS2300
FINANCE,SIHS2400
FINANCE,SIHS2500
FINANCE,SIHS2600
LIFE,SIHS2800
LIFE,SIHS2810
BONUSOK,SIHS3400
FINANCE,SIHS3500
FINANCE,SIHS3520
FINANCE,SIHS3550
FINANCE,SIHS3555
FINANCE,SIHS3560
FINANCE,SIHS3570
FINANCE,SIHS3600
PAYROLL,SIHS3700
PAYVIST,A SIHS3800
SIHSANN,SIHS6020
SIHSANN,SIHS6030
SIHSANN,SIHS6040
SIHSANN,SIHS6050
SIHSANN,SIHS6060
FINANCE,SIHS6200
FINANCE,SIHS6250
ANNBUD,SIHS7300
SIHSINT,SIHS7300.REQ
SIHSINT,SIHS7400.REQ
FINANCE,SIHS7600
CWSIMMD,SIHS7600.CWS
FINANCE,SIHS7680
FINANCE,SIHS7690
FINANCE,SIHS7750
FINANCE,SIHS7751
FINANCE,SIHS8000
FINANCE,SIHS8010
STATAX,SIHS8310
STATAX,SIHS8350
STATAX,SIHS8351
STATAX,SIHS8380
FINANCE,SIHS8500
FINANCE,SIHS8501
FINANCE,SIHS8600
FINANCE,SIHS8690
FINANCE,SIHS8700
FINANCE,SIHS8750
FINANCE,SIHS9000
FINANCE,SIHS9050
FINANCE,SIHS9100
FINANCE,SIHS9150
FINANCE,SIHS9250
FINANCE,SIHS9300
FINANCE,SIHS9350
FINANCE,SIHS9400
FINANCE,SIHS9450
FINANCE,SIHS9500
FINANCE,SIHS9550
FINANCE,SIHS9991
FINANCE,SIHS9993
FINANCE,SIHS9994
SIMJSCA,N SIMJSCAN
DAILY,SMFALLOC
DAILY,SMFALLOD
DAILY,SMFDUMP
DAILY,SMSSPILL
IPLDOWN,SMSSPILL.IPL
AUTOSCL,SPAMERGD
AUTOSCL,SPAMERGM
AUTOSCL,SPAMERGW
AUTOSCL,SPAMERGY
AUTOSCL,SPAPRBAL
AUTOSCL,SPAPRBAL.133
AUTOSCL,SPAPRBAL.170
AUTOSCL,SPAPURGH
AUTOSCL,SPAPURGP
AUTOSCL,SPASATIX
AUTOSCL,SPASAUIX
AUTOSCL,SPASDRIX
AUTOSCL,SPASEPIX
AUTOSCL,SPASEPP1
AUTOSCL,SPASEPP2
AUTOSCL,SPASEPP3
AUTOSCL,SPASEPP4
AUTOSCL,SPASEPP5
AUTOSCL,SPASGTML
AUTOSCL,SPASIAP1
AUTOSCL,SPASIAP2
AUTOSCL,SPASIAP3
AUTOSCL,SPASIAP4
AUTOSCL,SPASIAP5
AUTOSCL,SPASRRIX
AUTOSCL,SPAUNLD1
AUTOSCL,SPAUNLD2
AUTOSCL,SPAUNLD3
AUTOSCL,SPAUNLD4
AUTOSCL,SPAUNLD5
AUTOSCL,SPAUNLM1
AUTOSCL,SPAUNLM2
AUTOSCL,SPAUNLM3
AUTOSCL,SPAUNLM4
AUTOSCL,SPAUNLM5
AUTOSCL,SPAUNLW1
AUTOSCL,SPAUNLW2
AUTOSCL,SPAUNLW3
AUTOSCL,SPAUNLW4
AUTOSCL,SPAUNLW5
AUTOSCL,SPAUNLY1
AUTOSCL,SPAUNLY2
AUTOSCL,SPAUNLY3
AUTOSCL,SPAUNLY4
AUTOSCL,SPAUNLY5
SPINLOG,SPINME
OLINES,SPSBATCH
BCHDATE,SPSDATEB
DATESCH,SPSDATEO
OLINES,SPSEFT
MONTHLY,SR210000
DAILY,SR230000
IPLDOWN,STADFRMM
MONTHLY,STR00003
MONTHLY,STR00004
AGENCY,STR00100
AGENCY,STR00300
AGENCY,STR00400
CWSP,SUB01000
BRPRECV,SUNINIT
BRPRECV,SVARYOFF
BRPRECV,SVARYON
SYMPPUL,L SYMPULL
CWSOUTB,D SYMPUSH
DAILY,TAPREJ01
ESPTEST,TESTREG0
BHTEST0,3 TESTREG0.TST
MONTHLY,TRK10000
MONTHLY,TRK20000
MONTHLY,TRK40000
ESPTEST,TSTWCWS1
LIFE,UCM00002
LIFE,UED00002
LIFE,UEM00002
BCHDATE,UFDDAT01
LIFE,UFD00000
LIFE,UGM00001
LIFE,UGM00002
LIFE,UHD00013
LIFE,UJM00001
LIFE,UJM00002
DAILY,UMB00001
LIFE,UMD00009
LIFE,UMM00007
LIFE,UMM00011
LIFE,UMR00002
LIFE,UMR00005
LIFE,UMR00030
LIFE,UMR40000
LIFE,UMR91090
LIFE,UMW00002
BCHDATE,UNIBT001
DATESCH,UNIDE001
LIFE,UNIEOMDT
DAILY,UNIRECAP
DAILY,UNI00000
AUTOSCL,UNI00100
AUTOSCL,UNI00101
AUTOSCL,UNI00102
AUTOSCL,UNI00103
AUTOSCL,UNI00104
AUTOSCL,UNI00105
AUTOSCL,UNI00111
OLINES,UNI00200
OLINES,UNI00202
OLINES,UNI00203
OLINES,UNI00204
OLINES,UNI00205
OLINES,UNI00206
OLINES,UNI00210
OLINES,UNI00211
LIFE,UNI00310
LIFE,UNI00311
DAILY,UNI01000
DAILY,UNI02000
DAILY,UNI03000
URIRECV,URIW001R
URIRECV,URIW002F
LIFE,URM00001.REQ
REINS,URSRPTCL
LIFE,UUR00042
LIFE,UUR10000
LIFE,UUU00002
LIFE,UUU00002.02
LIFE,UUU00005
LIFE,UVM00010
LIFE,UVM00100
LIFE,UZA10010
LIFE,UZA10020
LIFE,UZA10030
LIFE,UZA10040
LIFE,UZA10050
LIFE,UZA10060
LIFE,UZA10070
LIFE,UZA10080
LIFE,UZM00008
LIFE,UZM00010
LIFE,UZM00020
LIFE,UZM00021
LIFE,UZM00022
LIFE,UZR10010
LIFE,UZR10020
PYANN,VFSALOD1
PYANN,VFSA0200
LIFE,VI7410X
LIFE,VI7412
LIFE,VI7413
DAILY,VRA00001
WLMPSCL,WLMBATCH
WLMPSCL,WLMNORML
WLMPSCL,WLMNPRIM
CWSP,WMCLRWKL
CWSP,WMWKUPRM
AUTOSCL,XAC20000
AGENCY,XAGEN001.AGE
AUTOSCL,XAUTO001.AUT
AUTOSCL,XAUTO003.AUT
AUTOSCL,XAUTO004.AUT
AUTOSCL,XAUTO005.AUT
OLINES,XCRTOLIN.OLI
DAILY,XDAIL003.DAI
ECOM,XECOM001.ECO
ECOM,XECOM002.ECO
FINANCE,XFINA001.FIN
FINSERV,XFINS%PRVDAY
LIFE,XI115
LIFECNF,XI1280LF
LIFECNI,XI1280LI
LIFECNS,XI1280LS
LIFECNI,XI1281.CNI
LIFECNS,XI1281.CNS
LIFECNF,XI1282
LIFECNI,XI1282.CNI
LIFECNS,XI1282.CNS
LIFE,XLIFE001.LIF
LIFE,XLIFE002.LIF
LIFE,XLIFE006.LIF
RMMXNET,XNETBKUP
RMMXNET,XNETFLSH
RMMXNET,XNETFLS2
OLINES,XOLIN001.OLI
OLINES,XOLIN002.OLI
OLINES,XOLIN004.OLI
OLINES,XOLIN005.OLI
OLINES,XOLIN006.OLI
OLINES,XOLIN007.OLI
OLINES,XOLIN008.OLI
PAYROLL,XPAYR001.PAY
PMIHCP,XPMIH001.PMI
LIFE,ZAC00240
MONTHLY,ZAC04000
MONTHLY,ZAC04400
MONTHLY,ZAC05000
MONTHLY,ZAC06000
MONTHLY,ZAC06100
MONTHLY,ZAC06200
MONTHLY,ZAC06300
MONTHLY,ZAC06400
MONTHLY,ZAC06500
MONTHLY,ZAC06600
MONTHLY,ZAC06700
MONTHLY,ZAC06750
MONTHLY,ZAC06800
MONTHLY,ZAC06840
MONTHLY,ZAC06850
MONTHLY,ZAC07000
MONTHLY,ZAC07100
MONTHLY,ZAC07180
MONTHLY,ZAC07190
MONTHLY,ZAC07200
MONTHLY,ZAC07210
MONTHLY,ZAC07300
MONTHLY,ZAC07370
MONTHLY,ZAC08000
MONTHLY,ZAC08100
MONTHLY,ZAC08200
MONTHLY,ZAC08300
MONTHLY,ZAC08400
MONTHLY,ZAC08500
MONTHLY,ZAC08600
MONTHLY,ZAC08800
MONTHLY,ZAC09000
MONTHLY,ZAC09100
MONTHLY,ZAC09200
MONTHLY,ZAC09400
MONTHLY,ZAC09500
MONTHLY,ZAC09600
MONTHLY,ZAC12000
MONTHLY,ZAC13100
MONTHLY,ZAC13200
MONTHLY,ZAC13300
MONTHLY,ZAC13400
MONTHLY,ZAC14600
MONTHLY,ZAC14680
MONTHLY,ZAC14950
MONTHLY,ZAC17000
MONTHLY,ZAC17100
MONTHLY,ZAC17200
MONTHLY,ZAC17300
MONTHLY,ZAC18500
MONTHLY,ZAC18600
MONTHLY,ZAC18700
MONTHLY,ZAC19000
MONTHLY,ZAC19500
MONTHLY,ZAC19600
MONTHLY,ZAC19750
MONTHLY,ZAC20500
AGENCY,ZAC70000
MONTHLY,ZAR07230
MONTHLY,ZAR07240
MONTHLY,ZAR10000
COMREQ3,ZAR10010.REQ
MONTHLY,ZAR10020
MONTHLY,ZAR10050
MONTHLY,ZAR10100
MONTHLY,ZAR10200
MONTHLY,ZAR10300
MONTHLY,ZAR1031F
MONTHLY,ZAR10310
MONTHLY,ZAR10320
MMR1099,ZAR10340
MONTHLY,ZAR10520
MONTHLY,ZAR11000
MONTHLY,ZAR11050
MONTHLY,ZAR11500
MONTHLY,ZAR11550
MONTHLY,ZAR12000
MONTHLY,ZAR12050
MONTHLY,ZAR12150
MONTHLY,ZAR12400
MONTHLY,ZAR14000
MONTHLY,ZAR14050
MONTHLY,ZAR16000
MONTHLY,ZAR17000
MONTHLY,ZAR18900
MONTHLY,ZAR2000Y
MONTHLY,ZAR20000
BONUSOK,ZAR20300
MONTHLY,ZAR30000
MONTHLY,ZAR30010
MONTHLY,ZAR35000
COMREQ3,ZAR36000.REQ
COMREQ3,ZAR36010.REQ
COMREQ3,ZAR36200.REQ
COMREQ3,ZAR36220.REQ
MONTHLY,ZAR41000
MONTHLY,ZAR41050
MONTHLY,ZAR41500
MONTHLY,ZAR41550
MONTHLY,ZAR42000
MONTHLY,ZAR42050
MONTHLY,ZAR43000
MONTHLY,ZAR44000
MONTHLY,ZAR44010
MONTHLY,ZAR60000
MONTHLY,ZAR71000
MONTHLY,ZAR71500
MONTHLY,ZAR72000
MONTHLY,ZAR72100
MONTHLY,ZAR72200
MONTHLY,ZAR72500
MONTHLY,ZAR72600
MONTHLY,ZAR74000
MONTHLY,ZAR74100
MONTHLY,ZAS14670
ZAS20SC,L ZAS20200
MONTHLY,ZAS74300
MONTHLY,ZAU11000
MONTHLY,ZAU13000
MONTHLY,ZAU14000
MONTHLY,ZAU15000
MONTHLY,ZAU16000
PAYROLL,ZAU18000
MONTHLY,ZAU19000
MONTHLY,ZAU20000
MONTHLY,ZAU21000
MONTHLY,ZAU22000
MONTHLY,ZAU23000
MONTHLY,ZAU24000
LIFE,ZAU25000
MONTHLY,ZAU27000
LIFE,ZAU28000
MONTHLY,ZAU32000
MONTHLY,ZAU36000
MONTHLY,ZAU37000
COMREQ3,ZAU37000.REQ
MONTHLY,ZAU41000
MONTHLY,ZAU50000
COMREQ3,ZAU50800.REQ
MONTHLY,ZAU52000
COMREQ3,ZAU52800.REQ
AGENCY,ZAU53000
MONTHLY,ZAY72400
ZOS7FTP,ZOS07FTP
ZOS0700,0 ZOS07000
MONTHLY,ZUC10000
AGENCY,ZUC10100
AGENCY,ZUC49000
AGENCY,ZUC49110
AGENCY,ZUC49120
AGENCY,ZUC49130
AGENCY,ZUC49140
AGENCY,ZUC49151
AGENCY,ZUC49152
AGENCY,ZUC49153
AGENCY,ZUC49154
AGENCY,ZUC49200
AGENCY,ZUC49310
AGENCY,ZUC49311
AGENCY,ZUC49312
AGENCY,ZUC49320
AGENCY,ZUC49321
AGENCY,ZUC49330
AGENCY,ZUC49331
AGENCY,ZUC49332
AGENCY,ZUC49340
AGENCY,ZUC49341
AGENCY,ZUC49510
AGENCY,ZUC49511
AGENCY,ZUC49512
AGENCY,ZUC49520
AGENCY,ZUC49521
AGENCY,ZUC49530
AGENCY,ZUC49531
AGENCY,ZUC49532
AGENCY,ZUC49540
AGENCY,ZUC49541
AGENCY,ZUC49610
AGENCY,ZUC49800
AGENCY,ZUC49910
AGENCY,ZUC49911
AGENCY,ZUC49912
AGENCY,ZUC49920
AGENCY,ZUC49921
AGENCY,ZUC49930
AGENCY,ZUC49931
AGENCY,ZUC49932
AGENCY,ZUC49940
AGENCY,ZUC49941
AGENCY,ZUC49990
AGENCY,ZUC50000
AGENCY,ABL04810
AGENCY,ABL04900
AGENCY,ABL05010
AGENCY,$NO$RLSE
AGENCY,ABL12700
MONTHLY,MMR10680
AGENCY,ABL05110
AGENCY,ABL09100
AGENCY,ABS12100
AGENCY,ABS16200
MONTHLY,MAS37080
FINANCE,SIHS0400
DATESCH,SETON.CWSIMMD
AGENCY,ABX18000
AGENCY,ACC08500
AGENCY,DBCOPU01
AGENCY,ACC06400
AGENCY,ACC32000
ECOM,EBZ22000
AGENCY,XAGEN001.AGENCY
PAYVIST,A PAYV2021
IVANS,AIS02600
AUTOSCL,AMPB100W
AUTOSCL,AMPB250
AUTOSCL,POP41A
AUTOSCL,POP41J
AUTOSCL,POP41N
AUTOSCL,POP41S
AUTOSCL,POP413
AUTOSCL,POP415
AGENCY,AOU00822
CWSIMMD,CWSFTP01.CWSIMMD
CWSP,CWSWFERR
CWSIMMD,APCONVER.CWSIMMD
HORPREF,DBSHLL01
HORPREF,DBSHLUT1
MONTHLY,EOYCYCLE
MONTHLY,QUARTCYL
LIFE,UHD00062
LIFE,UNIL001
LIFE,LIF01420
LIFE,SIHS2850
LIFE,XLIFE001.LIFE
REINS,SIHS1100
REINS,BETR750P
REINS,BETR832P.AM
REINS,BETR832P.PM
REINS,BETR855P
BRPRECV,BRPRSDAD
BRPRECV,BRPRSDD9
BRPRECV,SMFPBRP
RMMXNET,FDRREPT
RMMXNET,SMSCOMPD
DAILY,OPESP111.ENDDUMP
DAILY,BUDMPFC2.FULL
DAILY,BUDMP001
RMMXNET,OPIOSE01
RMMXNET,CPKSET19
RMMXNET,RMM00500
AUTOSCL,OPESPF01.CACPSA01
LIFE,OPESPF01.CACPSL01
OLINES,OMD00004
AUTOSCL,OMD01112
OLINES,OPESPF01.CACPSO01
AUTOSCL,OPESPF01.CACPSS01
CAMRA,CAMRAMN
DAILY,CHA00110
WRMDOWN,IMSPDN01.REQ
DAILY,XBATDAIL.DAILY
BRPCICS,D OPCICSDN.BRP
BRPCICS,U OPCICSUP.BRP
OLINES,POP015
MONTHLY,SR220000
CICS,CIVRXPRT
LIFE,CKRR92
LIFE,CKRR93
LIFE,CKVA83
LIFE,CKVA841
LIFE,CKVA842
LIFE,CKVA843
LIFE,LIF47020
LIFE,CK0530
LIFE,CK0550
LIFE,F1700
LIFE,LIF20200
LIFE,LIF24010
LIFE,LIF35000
LIFE,LIF48010
LIFE,LIF80060
LIFE,LJS00001
LIFE,LMM00004
LIFE,LTA00001
LIFE,LXA00007
LIFE,LXM00001
LIFE,N9100
LIFE,N9600
LIFE,UMA00006
LIFE,UMA00007
LIFE,UMM00001
LIFE,UMM00018
LIFE,UMQ00001
LIFE,UUM00003
LIFE,UUQ00001
LIFE,UZM00006
LIFE,CK0542
LIFE,XBATLIFE.LIFE
LIFE,UZR00067
LIFE,CK0620
LIFE,CK0620FW
LIFE,LMM00013
LIFE,CK0615EY
LIFE,LIF14000
LIFE,LUR00151
LIFE,UMM00014
LIFE,UUM00004
LIFE,CK0655
AUTOSCL,MTHLYBAL
LIFE,UMM00008
LIFE,BLDPDF
LIFE,CKMIGTBL
MONTHLY,CLD17300
MONTHLY,CLD20090
MONTHLY,CLD21150
MONTHLY,CLD21300
MONTHLY,CLD21400
MONTHLY,CLD21500
MONTHLY,CLD21505
DATAMRT,CLD22400
MONTHLY,CLD23000
MONTHLY,CLD23420
MONTHLY,CLD25000
JANSPEC,CLD2600J
MONTHLY,CLD26100
MONTHLY,CLD26200
MONTHLY,CLD26600
MONTHLY,CLD26700
MONTHLY,CLD28100
MONTHLY,CLD28300
DATAMRT,CLD29400
DATAMRT,CLD51100
DATAMRT,CLD51300
MONTHLY,CLD51500
MONTHLY,CLD53000
MONTHLY,CLD53100
DATAMRT,CLD54000
MONTHLY,CLD60260
MONTHLY,CLD66100
MONTHLY,CLD94270
DATAMRT,DMT05275
DATAMRT,CLD03000
DATAMRT,CLD03100
CWSPURG,E CLD09201.PURGE
MONTHLY,MAR22100
MONTHLY,MAR22200
MONTHLY,MAR22201
MONTHLY,MAR22202
MONTHLY,MAR22203
MONTHLY,MAR22204
MONTHLY,MAC24200
CATTST1,MAC34515
CATTST1,MAS34535
MONTHLY,ANNCYCLE
FINANCE,SIHS7200
MONTHLY,MAC30730
MONTHLY,MAC29150
MONTHLY,MAR22500
MONTHLY,MAR22510
MONTHLY,MAR22520
MONTHLY,MAC34050
MONTHLY,CLD52200
DBAEOM,DBCLDC1K
MONTHLY,CLD67270
REINSCH,K CLT34230
MONTHLY,CPISOSND
CMN0085,X RETRIG.EVENT1
CMN0090,X RETRIG.EVENT2
CODE1,CODE1CPY
FINSEND,EFT02031
IMSP,IMSREG01.AM
IMSP,OPESP000.ONLINEUP
IMSP,OPPRORST
IMSWRMU,P OPPRORST.WRM
CWSP,CWSLOG01
CWSIMMD,CWSLOG20
CWSP,CWSLOG21
CWSP,CWSLOG22
CWSP,CWSLOG23
CWSP,CWSLOG24
DAILY,OPCPMS01
CWSCAT1,CWS30200.FULL
#REQWOB,CWS30200.REQ
CWSCAT2,CWS30200.LITE
CWSENTI,N CWSENT03
CWSENTI,N CWSENT10
CWSIMMD,CWS00200.CWSIMMD
CWSP,CWS04000
CWSPURG,E CWS07090.PURGE
CWSMINI,CWS07300.MINI
CWSPURG,E DBCWSQ01.PURGE2
CWSMINI,CWS07370.MINI
CWSPURG,E CWS0700F.PURGE
CWSPURG,E CWS07340.PURGE
CWSPURG,E CWS07500.PURGE
CWSPURG,E CWS07525.PURGE
CWSMINI,CWS07380.MINI
CWSPURG,E CWS07550.PURGE
CWSPURG,E CWS07600.PURGE
CWSPURG,E DMT61700.PURGE
CWSPURG,E DMT90600.PURGE
CWSALLI,P CWSALLID
CWSALLI,P CWSWCDOC
CWSP,OMIW0015
CWSALLI,P CWSWUDOC
CWSIMMD,CWS00201.CWSIMMD
CWSIMMD,SIHS7600.CWSIMMD
CWSP,CWS06200
DBAP,DBCWSL05
CWSP,CWS01550
CWSP,CWS04200
CWSPURG,E OMICWSPR.PURGE
CWSPURG,E OMIECDPR.PURGE
CWSMINI,CWS07125.MINI
CWSPURG,E CWS07050.PURGE
CWSPURG,E CWS07059.PURGE
CWSPURG,E CWS07150.PURGE
CWSPURG,E CWS07175.PURGE
CWSPURG,E CWS07060.PURGE
CWSPURG,E CWS07100.PURGE
CWSPURG,E CWSPURG1.PURGE
CWSPURG,E PVCC9930.PURGE
CWSPURG,E CWS07300.PURGE
CWSPURG,E CWS07370.PURGE
CWSPURG,E CWS07380.PURGE
CWSMINI,CWS07100.MINI
CWSMINI,CWS07150.MINI
CWSMINI,CWS07175.MINI
CWSMINI,CWS07200.MINI
CWSPURG,E CWS07135.PURGE
CWSPURG,E DBCWST01.PURGE
IMSP,OPTOD420.BEGBATCH
CWSPURG,E CWS07200.PURGE
CWSMINI,CWS07250.MINI
CWSPURG,E CWS07225.PURGE
CWSPURG,E CWS07250.PURGE
CWSPURG,E CWS07325.PURGE
CWSPURG,E CWS07350.PURGE
CWSPURG,E CWSPURG3.PURGE
CWSPURG,E CWS07650.PURGE
CWSPURG,E CWS07675.PURGE
CWSMINI,OMICWSPP.MINI
CWSPURG,E OMICWSPP.PURGE
CWSMINI,CWS07000.MINI
CWSMINI,CWS0799F.MINI
CWSPURG,E CWS07125.PURGE
CWSPURG,E CWS07145.PURGE
CWSPURG,E CWS0799F.PURGE
CWSP,DBCLGC01.02
CWSP,CWS91200
CWSP,DMT01110
DBAP2,DBACCS01
ACTPRGP,DBACTC1O
DBAEOM,DBACTS11
MONTHLY,MAC50060
DBAP,DBACTC02
DBAP,DBACTS02
DBAEOM,DBACTU14
FINANCE,SIHS1600
MONTHLY,MAC65000
MONTHLY,MAC96860
AGENCY,DBAGMK00
AGENCY,DBAGMK11
AGENCY,ABL01100
AGENCY,ABL04000
AGENCY,ABL04200
AGENCY,DBAGMS01
AGENCY,DBAGMS11
AGENCY,DBAGMM01
DBAP,DBAGTC04
DBAEOM,DBAGTC02
AGENCY,DBAGTR14.02
MONTHLY,PMR00000
MONTHLY,MUR59530
AGENCY,DBAGTQ09.MRO
AGENCY,DBAGTM01
DBAP2,DBAMPC01
DBAP2,DBAMPS01
DBAP,DBARCR01
ARCREFD,DBARCS0D
DBAP2,DBARDQ01
DBAP2,DBARDS01
MONTHLY,DBARPQ01.EOM02
COMREQ3,DBARPQ01.REQ2
AGENCY,DBARPK11
MONTHLY,DBARPU02
COMREQ3,DBARPU02.REQ
MONTHLY,DBARPM01
COMREQ3,DBARPM01.REQ
DBAP,DBAULR01
DBAP2,DBAUTU01
DATAMRT,DBCLDR1A
DATAMRT,DBCLDR1B
DATAMRT,DBCLDR1C
DATAMRT,DBCLDR1D
DATAMRT,DBCLDR1E
DATAMRT,DBCLDR1G
DATAMRT,DBCLDR1H
DATAMRT,DBCLDR1J
DATAMRT,DBCOMR1A
DBAP,DBSHLC11
DBAP2,DBCECC01
DBAP2,DBCECS01
DBAEOM,DBCLDC0S
CWSPURG,E DBCLDM1A.PURGE
DATAMRT,DBCLDC1F.DBAWRK
CWSPURG,E CLD09115.PURGE
CWSPURG,E DBCLDC10.PURGE
CWSPURG,E DBCLDC11.PURGE
CWSPURG,E DBCLDC12.PURGE
CWSPURG,E DBCLDC13.PURGE
CWSPURG,E DBCLDC14.PURGE
DBAEOM,DBCLDC1F.DBAEOM
DBAEOM,DBCLDS1F
DATAMRT,DBCLDS11
DBAEOM,DBCLDS1S
DBAP,DBCLGC10
DBAP2,DBCMDC01
DBAP2,DBCMDS01
DBAP2,DBCMNC01
DBAP2,DBCMNS01
CWSPURG,E DBCOMC11.PURGE
AGENCY,DBCOPQ01.02
AGENCY,DBCOPS01
AGENCY,DBCOPQ01.03
DBAP2,DBCTSC01
DBAP2,DBCTSS01
DBAP,DBCWSC06
CWSPURG,E DBCWSQ01.PURGE
CWSP,LTGENCPY
CWSPRFC,D DBCWSSD3.PRFCD
CWSPRFC,O DBCWSSO3.PRFCO
CWSPRFC,T DBCWSST3.PRFCT
CWSPRFC,U DBCWSSU3.PRFCU
CWSPRFC,D DBCWSSD4.PRFCD
CWSPRFC,O DBCWSSO4.PRFCO
CWSPRFC,T DBCWSST4.PRFCT
CWSPRFC,U DBCWSSU4.PRFCU
CWSPRFC,D DBCWSSD5.PRFCD
CWSPRFC,O DBCWSSO5.PRFCO
CWSPRFC,T DBCWSST5.PRFCT
CWSPRFC,U DBCWSSU5.PRFCU
CWSULP,DBCWSSS3
CWSPREF,U DBCWSSU3.PREFU
CWSULP,DBCWSSS4
CWSPREF,U DBCWSSU4.PREFU
CWSULP,DBCWSSS5
CWSPREF,U DBCWSSU5.PREFU
CWSULP,DBCWSSS6
CWSPREF,U DBCWSSU6.PREFU
CWSPRFC,D DBCWSSD6.PRFCD
CWSPRFC,O DBCWSSO6.PRFCO
CWSPRFC,T DBCWSST6.PRFCT
CWSPRFC,U DBCWSSU6.PRFCU
CWSULP,DBCWSSS7
CWSPREF,U DBCWSSU7.PREFU
CWSPRFC,D DBCWSSD7.PRFCD
CWSPRFC,O DBCWSSO7.PRFCO
CWSPRFC,T DBCWSST7.PRFCT
CWSPRFC,U DBCWSSU7.PRFCU
CWSULP,DBCWSSS8
CWSULP,DBCWSSS9
DBAP,XBATDBAP.DBAP
CWSPREF,U DBCWSM03.PREFU
CWSPREF,U DBCWSM04.PREFU
CWSPREF,U DBCWSM05.PREFU
CWSPREF,U DBCWSM06.PREFU
CWSPREF,U DBCWSM07.PREFU
CWSPREF,U DBCWSU03.PREFU
CWSPRFC,D DBCWSU03.PRFCD
CWSPRFC,O DBCWSU03.PRFCO
CWSPRFC,T DBCWSU03.PRFCT
CWSPRFC,U DBCWSU03.PRFCU
CWSPREF,U DBCWSU04.PREFU
CWSPRFC,D DBCWSU04.PRFCD
CWSPRFC,O DBCWSU04.PRFCO
CWSPRFC,T DBCWSU04.PRFCT
CWSPRFC,U DBCWSU04.PRFCU
CWSPREF,U DBCWSU05.PREFU
CWSPRFC,D DBCWSU05.PRFCD
CWSPRFC,O DBCWSU05.PRFCO
CWSPRFC,T DBCWSU05.PRFCT
CWSPRFC,U DBCWSU05.PRFCU
CWSPREF,U DBCWSU06.PREFU
CWSPRFC,D DBCWSU06.PRFCD
CWSPRFC,O DBCWSU06.PRFCO
CWSPRFC,T DBCWSU06.PRFCT
CWSPRFC,U DBCWSU06.PRFCU
CWSPREF,U DBCWSU07.PREFU
CWSPRFC,D DBCWSU07.PRFCD
CWSPRFC,O DBCWSU07.PRFCO
CWSPRFC,T DBCWSU07.PRFCT
CWSPRFC,U DBCWSU07.PRFCU
CWSPURG,E CWS07000.PURGE
CWSPURG,E DBCWST02.PURGE2
DBAP,DBCWSS01
CWSP,XCRTCWSP.CWSP
DBAP,XDBAP005.DBAP
CWSPURG,E CWSPURG2.PURGE
CWSCAT9,8 DBCWSL07
CWSPRFC,D DBCWSM0C.PRFCD
CWSPRFC,O DBCWSM0C.PRFCO
CWSPRFC,T DBCWSM0C.PRFCT
CWSPRFC,U DBCWSM0C.PRFCU
CWSPRFC,D DBCWSM0D.PRFCD
CWSPRFC,O DBCWSM0D.PRFCO
CWSPRFC,T DBCWSM0D.PRFCT
CWSPRFC,U DBCWSM0D.PRFCU
CWSPRFC,D DBCWSM0E.PRFCD
CWSPRFC,O DBCWSM0E.PRFCO
CWSPRFC,T DBCWSM0E.PRFCT
CWSPRFC,U DBCWSM0E.PRFCU
CWSPRFC,D DBCWSM06.PRFCD
CWSPRFC,O DBCWSM06.PRFCO
CWSPRFC,T DBCWSM06.PRFCT
CWSPRFC,U DBCWSM06.PRFCU
CWSPRFC,D DBCWSM07.PRFCD
CWSPRFC,O DBCWSM07.PRFCO
CWSPRFC,T DBCWSM07.PRFCT
CWSPRFC,U DBCWSM07.PRFCU
DBAP2,DBCYBC01
DBAP2,DBCYBS01
DBAP2,DBDAOS01
DBAP2,DBDAOS11
DBAP,DBDBAM08
DBAP,DBDBAM09
DBAP2,DBDBUQ01.02
DBAP2,DBDBUS01
DBAP,DBDOCQ01.03
DBAP2,DBDOCQ01.02
DBAP2,DBDOCS01
EEC0030,1 EEC00301.RUSH
DBAP,DBEECQ01.03
DBAP,DBEECS02
EEC0020,1 DBEECU0B.RUSH
EEC0020,1 EEC00201.RUSH
DBAP2,DBESEC01
DBAP2,DBESES01
DBAP,DBFIXS01
DBAP2,DBFRMC01
DBAP2,DBFRMS01
LIFE,XLIFE002.LIFE
LIFE,DBGMSU01
LIFE,DBGMSU02
LIFE,NHC01100
LIFE,NHC01500
LIFE,DBGMSS01
LIFE,DBGMSM01
FINANCE,DBHUPT02
FINANCE,DBHUPS02
FINANCE,HUOH1200
HUONARC,CICSHPUP.REQ
FINANCE,XFINA001.FINANCE
BMTINIT,DBHUPQ01.BMT
DBAP2,DBICMC01
DBAP2,DBICMSTA
DBAP2,DBICMS01
DBAP2,DBINFS01
DBAP,DBINTP02
DBAP,DBLIFQ01
DBAP2,DBLIFC02
DBAP2,DBLIFS02
DBAP,DBLIFM02
PMIHCP,DBMPPM02
PMIHCP,XPMIH001.PMIHCP
ECOM,EBZ00100
OLINES,XCRTOLIN.OLINES
DBAP2,DBOAMC01
DBAP2,DBOAMS01
OLINES,DBOCLS01
OLINES,DBOCLU02
DBAP,DBOLCQ01.02
DBAP,DBOLCS01
OLINES,POP830
OLINES,XOLIN006.OLINES
OLINES,XOLIN001.OLINES
OLINES,XOLIN002.OLINES
OLINES,XOLIN003.OLINES
OLINES,XBATOLIN.OLINES
OLINES,DBOLPS01
DBAP2,DBOPMS01
OTPSCL,OMI07030
DBAP,DBOPYQ01.02
DBAP,DBOPYQ01.03
MONTHLY,ZAR15020
DBAP2,DBPFAC01
DBAP2,DBPFAS01
DB2SCL,DBPOLHTG.02
DBABOB,DBPOLF02
DBAP2,DBPOLC01
DBAP2,DBPOLS01
DBAP2,DBPOLC02
DBAP2,DBPOLS02
DBAP2,DBPOLC03
DBAP2,DBPOLS03
DBAP2,DBPRFC01
DBAP2,DBPRFS01
DBAP2,DBPSTS01
DBAP2,DBPSTS11
DBAP,DBPTYL02
DBAP2,DBPTYC01
DBAP2,DBPTYS01
DBAP2,DBPULS01
DBAP2,DBQMFS01
DBAP2,DBQMFS11
DWBI,DBSHLL03
DAILY,RAB00400
#REQWOB,RAB00401.SPEC
DBAP2,DBRABC01
DBAP2,DBRABS01
DBAP,DBREFM01
RET,RETPURGE
RET,RET12300
DBAP2,DBRETC01
DBAP2,DBRETS01
RETREFD,DBRETS0D
DBAP,DBRPEC11.LOAD
DBAP,DBRPEC11.PURGE
DBAP,DBRPEJ11.LOAD
DBAP,DBRPEJ11.PURGE
MCVINP,DBRTGL08
DBRTGL0,Y $NO$RLSE
DBRTGL0,X $NO$RLSE
EEC0010,1 EEC00101.RUSH
DBAP2,DBRTGC01
DBAP2,DBRTGS01
DBAP2,DBRTGC02
DBAP2,DBRTGS02
DBAP2,DBSAAC01
DBAP2,DBSAAS01
DBAP2,DBSALC01
DBAP2,DBSALS01
OLINES,DBSBRL11
OLINES,DBSBRQ01.03
DBAP,DBSBTR01
DBAP2,DBSCCC01
DBAP2,DBSCCS01
DBAP2,DBSERC01
DBAP2,DBSERS01
AUTOSCL,SPSPRGLR
ECOM,SAL40100
DBAP,DBPFAQ01
AUTOSCL,XAUTO001.AUTOSCL
DBAP2,DBSPAM1D
AUTOSCL,DBSPAU01.01
AUTOSCL,DBSPAU02.01
AUTOSCL,DBSPAU03.01
AUTOSCL,DBSPAU04.01
AUTOSCL,XBATAUTO.AUTOSCL
DBAP2,DBSPAS01
SPARCV0,DBSPAK01
SPARCV0,DBSPAK02
DBAP2,DBSR2C01
DBAP2,DBSR2S01
DBAP,DBDBAM04
DBAP2,DBTRKC01
DBAP2,DBTRKS01
MONTHLY,DBUP4500
DAILY,DBDBUP01
REINS,DBURSS01
REINS,DBURSM01
DBAP2,DBVRAS01
DAILY,VSR00001
DBAP,DBWRKS01
DBAP2,DBSBRS11
DBAP2,DBSPAS11
MONTHLY,PLP200
AUTOSCL,PLP200D
DAILY,PLP450
MONTHLY,PMR10590
DAILY,OMIW0004
DBAP,DB2P1TR1
AUTOSCL,DBPAYS11
DBAP,DB2P2TR1
DAILY,ZOS05000
OLINES,UNID001
AGENCY,DEDB1110
AGENCY,DEDB2100
AGENCY,MCC21200
DMTTJOB,S DMTT1125.JOBS
#REQWOB,DMTT1125.SPEC
DMTTJOB,S $NO$RLSE
DMTTJOB,S DMTT1150.JOBS
#REQWOB,DMTT1150.SPEC
CWSP,DMT01090
CWSP,DMT01165
CWSP,CLD51200
CWSP,CWS06000
CWSP,DMT01250
CWSPURG,E DMT02200.PURGE
CWSPURG,E DMT02250.PURGE
CWSPURG,E DMT02300.PURGE
CWSPURG,E DMT02350.PURGE
CWSPURG,E DMT02400.PURGE
CWSPURG,E DMT02450.PURGE
CWSPURG,E DBCLDL14.PURGE
CWSPURG,E DBCLDL12.PURGE
CWSPURG,E DMT02500.PURGE
CWSPURG,E DMT02600.PURGE
CWSPURG,E DBCLDL11.PURGE
CWSPURG,E DBCLDL13.PURGE
CWSPURG,E DMT02110.PURGE
CWSPURG,E DBCOML11.PURGE
CWSPURG,E DBCLDL10.PURGE
CWSPURG,E DMT02100.PURGE
DOMCONC,DOMCON02
IMAGING,OPIMGM00.APPS
IMAGING,OPIMGM00.EMSI
IMAGING,OPIMGM00.HHPM
IMAGING,OPIMGM00.LAB1
OPC21S1,1 EFTMAILA
LIFE,MCC29000
ECOM,OPBARU01
OPC21E0,1 OPDEPF01
AUTOSCL,PLP890
OLINES,POP094
OPEXP00,UMR0004B
DWBI,DWBI9000
EEC0001,0 $NO$RLSE
FINSEND,EFT02024
DAILY,EFT01145
FINSERV,XFINS%PRVDAY *CHG
COMRESD,COMBSEND.REQ
BCHDATE,DATE0001
OLINES,DCV00920
IMSP,EIC01402
IMSP,EIC00903.AM
IMSP,OPTOD101.BEGIMS
IMSP,OPESPIMS.TRANSUP
IMSP,EIC00865
IMSP,EIC00999
PAYROLL,XBATPAYR.PAYROLL
PAYROLL,XPAYR001.PAYROLL
STORAGE,DIAGCATD
STORAGE,DIAGCATM
STORAGE,DIAGCATP
STORAGE,DIAGCATT
STORAGE,EXPORTCT.AM
STORAGE,EXPORTCT.PM
ECOM,MPPCAN01
FINSEND,EFT02023
CWSIMMD,BEGIN.CWSIMMD
OPC21S1,1 NTC21S01
LIFE,F0305
LIFE,M9400
HISTARC,H $NO$RLSE
DAILY,HSMDALY5
HSMSPUS,H HSMSSTRS.PUSH
HSMSRLS,E HSMSSTRS.RLSE
HSMSPUS,H HSMSSOUT.PUSH
HSMSRLS,E HSMSSOUT.RLSE
HSMSPUS,H HSMSSTRP.PUSH
HSMSRLS,E HSMSSTRP.RLSE
ANNBUD,DBHUPQ01.ANNBUD
FINANCE,HUOH1140
FINANCE,HUOH1145
FINANCE,SIHC5000
DAILY,IFOPINSP
DAILY,DBINFU01
IMSP,IMSPUP01
CAMRA,BEIMPORT
CAMRA,EQTYCOPY
CWSORDR,RECVORDR
LIFE,F8000
LIFE,K5506
LIFE,K5513
LIFE,LIF48000
LIFE,UMA00005
LEIP,LEIW013D
LIFE,LMW00004
FTLIFR0,1 LIFWF001
FTLIFS0,1 $NO$RLSE
LIFE,LIF00220
LIFE,LIF01500
LIFE,LIF28010
LIFE,OMIW0014
LIFE,LIF00610
LIFE,LIF00620
LIFE,LIF18000
LIFE,LIF28200
LIFE,LIF28300
LIFE,LIF33000
LIFE,LIF47010
LIFE,LIF10000
LIFE,MUR59290
LIFE,OMINSUPT
LIFE,LIF01060
LIFE,LIF01130
LIFE,LIF01600
LIFE,LIF13000
LIFE,LIF27130
LIFE,XLIFE006.LIFE
LIFE,DBCYLL02
LIFE,LIF18030
LIFE,LIF61090.REQ
LIFE,LIF61140
LIFE,LIF01410
LIFE,LIF01440
LIFE,LIF20700
AUTOSCL,PMVFWD1
LIFE,LIF20010
LIFE,LIF40000
LIFE,LIF30000
LIFE,LIF29900
LIFE,LIF42000
LIFE,LIF42310
LIFE,LIF22240
LIFE,LIF42300
LIFE,LIF43000
LIFE,LIF27010
LIFE,LIF47100
LIFE,LIF27210
LIFE,LIF28000
LIFE,LIF28250
LIFE,LIF28400
LIFE,LIF29110
LIFE,LIF38000
LIFE,LIF48021
LIFE,LIF48022
LIFE,LIF48023
LIFE,LIF48024
LIFE,LIF48025
LIFE,LIF48031
LIFE,LIF80040
LIFE,LIF28030
#REQWOB,UMA00007.REQ
LIFE,LIF40010
LIFE,LIF49100
LIFE,LIF37000
LIFE,LIF80070
LIFE,LIF61130.REQ
LIFECNI,LUR216LI
LIFE,LIF89990
PMIHCP,MPP050
LIFE,LTA00010
LIFE,LTM00220
LIFECNF,XI1284
LIFE,LUS00002
LIFE,L9300
LIFE,L9301
MONTHLY,MAC12100
MONTHLY,MAC12600
MONTHLY,MAC13100
MONTHLY,MAC13109
MONTHLY,MAC13700
MONTHLY,MAC14200
MONTHLY,MAC15000
MONTHLY,MAC16000
MONTHLY,MAC20400
MONTHLY,MAC65600
MONTHLY,MAC96650
MONTHLY,MAC97000
MONTHLY,MAC97500
MONTHLY,MAC98200
MONTHLY,MAS19300
MONTHLY,MAS67800
MONTHLY,MAC33000
MONTHLY,MAC66100
MONTHLY,MAC65500
MONTHLY,MAS17050
MONTHLY,MAS17150
MONTHLY,MAC22700
MONTHLY,MAC36250
MONTHLY,MAS30490
CUTOFFS,MAC22315
MONTHLY,MAC21090
MONTHLY,MAC21170
MONTHLY,MAC91390
MONTHLY,MAC34200
CATPRD1,MAC34500
CATPRD1,MAS34530
MONTHLY,MAC38300
MONTHLY,MAC40400
MONTHLY,MAC42200
MONTHLY,MAC44000
MONTHLY,MAC45000
MONTHLY,MAC45200
MONTHLY,MAC46800
CUTOFFS,MAC46515
MONTHLY,MAC42000
MONTHLY,MAC43000
FINANCE,SIHS1500
CUTOFFS,MAC90515
MONTHLY,MAS64270
CUTOFFS,MAC36015
MONTHLY,MAC17400
MONTHLY,MAC90200
DBAEOM,DBACTC0H
AGENCY,ZAC05500
ACTPRGP,DBACTP1K.02
MONTHLY,DBAULL01
MONTHLY,MAC10800
MONTHLY,MAC70850
MONTHLY,MAC70860
MONTHLY,MACAIP01
MONTHLY,MAC10600
MONTHLY,MAC91370
MONTHLY,MAC92360
MONTHLY,MAC92370
DBAP,DBACTS04
JANSPEC,MAC46770
ACTUDLY,MAC63900
MONTHLY,MAS68100
AGENCY,MCC90800
AUTOSCL,UNI00110
DAILY,MAS65760
LIFE,MCC12000
MONTHLY,MUC001M2
MCCHECK,MCC1600C
LIFE,MCC16600
MONTHLY,ZAS92000
AGENCY,MCC15900
AGENCY,XBATAGEN.AGENCY
LIFE,MCC17000
LIFE,MCY18100
LIFE,MCC20000
LIFE,MCC30000
MONTHLY,ZAC70970
LIFE,MCY24600
PAYROLL,PAYV3026
FSSYS,MFAS0310
FSSYS,MFAS0410
FSSYS,XBATFSSY.FSSYS
FINANCE,XCRTFINA.FINANCE
FSSYS,XFSSY001.FSSYS
MONTHLY,MFAS0590
MONTHLY,SCC01000
MONTHLY,MMR22500
FINANCE,MMC22760
AGENCY,PAYV1272
MONTHLY,MMM46130
MONTHLY,MMR10620
MONTHLY,MMR10625
MONTHLY,ZAC07250
MONTHLY,ZAC07500
MONTHLY,ZAC14900
MONTHLY,MMR10655
MONTHLY,MMR10690
MONTHLY,DEDB2600
MONTHLY,MMR10840
LIFE,MMR21850
LIFE,MMR21900
MONTHLY,MMS25000
MONTHLY,MMS21750
FINANCE,SIHS8400
LIFE,MMR21890
MMR1099,MUC001M4
MMR1099,MMR23270
MMR1099,MMR23260
MMR1099,MMR23200
MONTHLY,MMR24001
MONTHLY,MMR66024
MONTHLY,MMR66026
MONTHLY,MAS38400
MONTHLY,MAS38410
MONTHLY,MMR67641
MONTHLY,MMR67642
MONTHLY,MMM70000
CWSP,MECONVER.EARLY
DBAEOM,DBAGTL11
PMIHCP,MPP1000
MONTHLY,MUC001M3
PSEOY3,MRMP4610
PSEOY3,MRMP6100
PAYROLL,MRRP0040
PAYROLL,MRRP0740
PSEOY2,MRRP072Y
PSEOY4,MRMP4600
PAYROLL,MRMPLIFE
PAYROLL,MRMP7420
PSEOY1,MRRP0030
MONTHLY,MRRP0780
PSEOY3,MRRP0010
PSSPEC,MRRP7000.156
LIFE,C0400
LIFE,F0900
MONTHLY,MUR20025
MONTHLY,MUS40000
AGENCY,MUC49245
MONTHLY,MUC49260
MONTHLY,MUC49445
MONTHLY,MUC54000
MONTHLY,MUS70000
MONTHLY,MUR50200
MONTHLY,MUR50310
MONTHLY,MUC50600
MONTHLY,MUC56400
MONTHLY,MUC55350
MONTHLY,MUC55900
LIFE,UMM00009
MONTHLY,MUC56900
MONTHLY,MUR59400
MONTHLY,MUS25200
DAILY,DBAULL02
MONTHLY,MUS49590
MONTHLY,MUC49580
MONTHLY,MUR49570
PMIHCP,MPP0900
MONTHLY,XMONT002.MONTHLY
MONTHLY,MUS58530
DAILY,MXG10000
LIFE,NHC01420
OLINES,XOLIN005.OLINES
DAILY,OMI30100
OLINES,XOLIN007.OLINES
OLINES,XOLIN008.OLINES
OPNOCP0,NOCMSB01
NOCSEND,NOCMSB01.REQ
OLINES,XOLIN004.OLINES
OLINES,NOU01000
CWSP,SIHR7610
PAYROLL,NTPAYD01
LIF1099,LIF47430
LIF1099,N9405
LIF1099,XLIF1001.LIF1099I
LIF1099,LIF47420
DAILY,OFACSEND
LIFE,OMDELLOG
BBHOWEL,OMD00210
AUTOSCL,OMD03081
AUTOSCL,OMD53201
AUTOSCL,OMD03091
CWSP,OMD12103
CWSP,OMD12104
ECOM,OMD13002
OLINES,OMD13013
OLINES,OMD13014
AUTOSCL,OMD22113
AUTOSCL,OMD23113
AUTOSCL,OMD23114
OLINES,OMD32113
CWSP,OMD32219
OLINES,OMD33843
PROFOMD,OMD40004
PROFBOO,K OMD40014
PAYVIST,A OMD41034
MONTHLY,OMD41054
LIF1099,OMD41114
LIF1099,OMD41124
PYANN,OMD41134
MMR1099,OMD41142
LIF1099,OMD41152
LIF1099,OMD41162
PYANN,OMD41172
LIFE,OMD41183
PYANN,OMD41194
PSEOY4,OMD41204
PYANN,OMD41212
PSEOY4,OMD41222
OLINES,DBSBRU01
OLINES,DBSBRU02
OLINES,DBSBRU03
OLINES,OMD51104
AUTOSCL,OMD52013
AUTOSCL,OMD52014
AUTOSCL,OMD53223
AUTOSCL,OMD53224
LIFE,OMD60005
LIFE,OMD61113
LIFE,OMD61114
LIFE,OMD61115
LIFE,OMD62013
LIFE,OMD62014
LIFE,OMD63013
LIFE,OMD63014
LIFE,OMD63052
OMD8REQ,OMD84004
OMICWSI,N $NO$RLSE
OMICWSP,R $NO$RLSE
CMPURGE,OMILIPPR
CMPURGE,OMILIPPP
DAILY,OMIMPPPR
CMPURGE,OMIPICPP
OTPSCL,OMI07040
OTPSCL,OMI07140
OTPSCL,OMI09020
OLINCPY,POP113X
AGTDEF1,OPAGTDF2
AGTGEF1,OPAGTDF1
AGTSU00,OPAGTD01
OPMSFT0,1 OPMSFD01.%USER1
IPLDOWN,OPMSFD01.PSERV1
IPLDOWN,OPMSFD01.PSERV2
OPMSFT0,1 OPMSFC01.SCL
IPLDOWN,OPMSFC01
IMAGING,OPIMGU00.APPS02
IMAGING,OPIMGU01.APPS
IMAGING,OPIMGU00.APPS01
BBHOWEL,OPBBHU00
RMMXNET,HSMWKLY7
RMMXNET,OPBKUPDN
RMMXNET,RMM00102
CICS,XBATCICS.CICS
OPCOU00,OPCOMD00
OPMKF01,OPCPMD01
OPCPU20,OPCPTD20
OPCTD00,OPCTSD51
OPCTF04,OPCTSD04
OPCTU00,OPCTSD00
OPC21F0,2 $NO$RLSE
OPC21F0,3 $NO$RLSE
OPC21F0,4 $NO$RLSE
OPC21F0,5 $NO$RLSE
OPC21F0,6 $NO$RLSE
OPC21F0,7 $NO$RLSE
OPC21S0,1 OPC21U00
OPC21E0,1 OPC21U00.SUMMARY
OP05F10,OP05GD01
OP05F01,OP05DF01
OP05U00,OP058D01
OP05U40,OP059D01
OP05U20,OP059D01.REQ
IPLDOWN,OPDAILY.ACTIVE
IPLDOWN,OPESP010.BATCHOFF
OPC21E0,1 OPC21U01.ALL
IMAGING,OPIMGU00.EMSI02
IMAGING,OPIMGU01.EMSI
IMAGING,OPIMGU00.EMSI01
IPLDOWN,OPESP115.BATCHOFF
IPLDOWN,OPESP116.RMMON
IPLDOWN,OPESP120.BATCHON
IPLDOWN,OPIPLPRD
DAILY,XDAIL003.DAILY
IPLDOWN,OPESP020.RMMON
IPLDOWN,OPESP025.BATCHON
ESPMBRM,M OPESP030.RMMON
ESPMBAL,L OPESP031.BATCHON
ESPMBDB,2 OPESP032.DB2ON
ESPMBCW,S OPESP033.CWSON
OPEXF01,OPEXPD01
OPEXS01,OPEXPS01
IMAGING,OPIMGU00.HHPM02
IMAGING,OPIMGU01.HHPM
IMAGING,OPIMGU00.HHPM01
IMAGING,OPAPPFIN
IMAGING,OPEMSFIN
IMAGING,OPHHPFIN
IMAGING,OPLABFIN
IMSP,IMSREG01.PM
IMSP,REFSHM01
IMSP,XBATIMSP.IMSP
IMSP,XIMSP001.IMSP
AUTOSCL,PLP150D
OPKYDF0,OPKYDF10
OPKYF00,OPKYD001
OPKYF10,OPKYD010
IMAGING,OPIMGU00.LAB102
IMAGING,2 OMIRXIMP.PM
IMAGING,OPIMGU01.LAB1
IMAGING,OPIMGU00.LAB101
IMAGING,2 OPLABR01.AMEMPTY
IMAGING,2 OPLABR01.AMPRIME
IMAGING,2 OPLABR01.PMEMPTY
IMAGING,2 OPLABR01.PMPRIME
OPLEX01,OPLEXS01
TIMECHG,DBCWST02.REQ
OPMSFT0,1 OPMSFS01.%USER1
IPLDOWN,OPMSFS01.PSERV1
IPLDOWN,OPMSFS01.PSERV2
OPMSFT0,1 OPALRTON.%USER1
IPLDOWN,OPALRTON.PSERV1
IPLDOWN,OPALRTON.PSERV2
OPNEF01,OPNEBD01
OPNEF10,OPNEBD10
OPNEF20,OPNEBD20
OPNEU00,OPNEBD00
OPOKF01,OPOKAD01
OPOKF02,OPOKAD02
DATESCH,CWSPIMUP
IMSP,DELDAT01
CICS,OPTOD102.BEGCICS
CICS,OPTOD103.BEGCICS
IMSP,OPTOD200.MIDDAY
IMSP,OPTOD275.PREBATCH
IMSP,OPTOD300.REGDOWN
IMSP,OPTOD400.PREBATCH
DAILY,RAB00300
CWSP,MONEXTRT.EARLY
DBAP2,DBSPAC05
DBAP2,DBBSPC01
RMMXNET,END.OPXNTS01
RMMXNET,OTP01400
BRPRECV,BRPRS002
AUTOSCL,PMR12580
FINANCE,HUOH1095
RMMXNET,OTP05300
OTPCLMS,OTP01210
OTPAGEN,T $NO$RLSE
OTPAADM,DBOPML01
OTPAADM,OTPW0030
OTPAADM,OTPW0040
AUTOSCL,XAUTO002.AUTOSCL
AUTOSCL,XAUTO003.AUTOSCL
AUTOSCL,OMD16001
DAILY,OMI20100
AUTOSCL,SPASCP01
AUTOSCL,PLW025
AUTOSCL,PLW026
AUTOSCL,UNIA001
AUTOSCL,UNI00201
AUTOSCL,PAP135
AUTOSCL,PAP138
AUTOSCL,PDP750
AUTOSCL,XAUTO005.AUTOSCL
AUTOSCL,EQWMVR03
JTAGENT,OPKYU000
JTAGENT,PAP410
JTAGENT,PAP420
DATESCH,OPDAT001
AUTOSCL,PAP140
ECOM,EBZ10100
AUTOSCL,EQWMVR02
AUTOSCL,PLW020
PYANN,PAYABAX
PYANN,PAYV2012
PYANN,PAYV1059
PYANN,PAYVI946
PYANN,PAYVI960
PYANN,PAYVI996
PYANN,PAYV1002
PYANN,PAYV1140
PYANN,PAYV1211
PYANN,PAYV1212
PYANN,PAYV1234
PYANN,PAY1259A
PYANN,PAY845Y
PYANN,PAY892Y
PYANN,PAY945Y
PYANN,PAY984Y
PYANN,PAYV1118
PYANN,PAYV1237
PYANN,PAYV1056.PYANN
PAYROLL,PAYV3027
PYATA,PAYV3024
PYATA,XPYAT001.PYATA
CTSEDI,UZM00025
PAYVIST,A EFT00956
PAYVIST,A PAYV3006
PAYROLL,PAYV3016
PAYROLL,PAYV128D
PAYROLL,PAYV3031
PAYROLL,PAYV3032
PAYROLL,MRMPNYLF
PAYROLL,MRMP7590
BONUSOK,ZAR20410
PAYROLL,MRMPNYLD
PAYROLL,MRMP7580
PAYROLL,PAYV1280
PAYROLL,NTUHCS01
PAYROLL,NTPAYHSA
AUTOSCL,SPACLRQ
AUTOSCL,SPSMTQUE
OLINES,POP075
ECOM,SAL40800
AUTOSCL,XAUTO004.AUTOSCL
AUTOSCL,PLP850ME
JTAGENT,PLP870R
AUTOSCL,PLP125S
AUTOSCL,PLP125ME
AUTOSCL,PLP125D
AUTOSCL,OPKANS00
OP15S00,OPKANS00.REQ
AUTOSCL,OPNVSEND
AUTOSCL,OPNVD000
OPKYD00,OPKYD000
PLP5SND,OPKYU000.REQ
AUTOSCL,PLP660E
AUTOSCL,PLP660R
AUTOSCL,PLP660A
AUTOSCL,PLP680
AUTOSCL,PLP680E
AUTOSCL,PLP730
JTAGENT,PLP820S
JTAGENT,PLP840
SEND820,PLP820S.REQ
AUTOSCL,OPOKSEND
AUTOSCL,PLPW850D
OKSEND,OPOKSEND.REQ
MONTHLY,MAS18800
MONTHLY,PLPW870S
AUTOSCL,OPNEBS00
COLSEND,OP05P000.REQ1
MONTHLY,MAC16100
OLINES,PR0935
OLINES,POP490
OLINES,POS098
OLINES,POS095
OLINES,UNIOL001
OLINES,DBOLPQ01.REQ2
OLINES,POP810M
OLINES,POP810Y
OLINES,POP370
OLINES,PLP250
OLINES,POP810
OLINES,POP485A
POP510,POP510D
POP510,POP510R.ERR
OLINES,POP660E
OLINES,POP660R
OLINES,POP680
OLINES,POP680E
OLINES,POP330
OLINES,POP485I
OTPSCL,OMI06990
OTPSCL,OMI07020
MONTHLY,POP120
OLINES,POP310
OLINES,POP860
OLINES,POP888Q
OLINES,POP01000
OLINES,POP140
OLINES,POP805
OLINES,POP888Y
FINANCE,SIHS9700
MONTHLY,MCC02100
MONTHLY,XMONT001.MONTHLY
OLINES,POP460
OTPSCL,OMD11000
OLINES,POP945
AUTOCPY,PAP112X.REQ
DAILY,DSTRIG.OPPR30R0
PURGECS,F $NO$RLSE
CWSPURG,E CWS07999.PURGE
ECOM,PYRPTCRD
RBXP,RBS00114
RBXP,RBS00145
RBXP,RBS00160
RBXP,RBS00130
RBXP,RBR00200
DBAP,DBARCQ01
RET,RET20000
RET,RET30400
RET,RET40000
RET,RET42100
RMMXNET,OPDRSL01
RMMXNET,OPRMMP01
RMMXNET,RMM00104
ECOM,OMIW0010
ECOM,SAL80110
ECOM,XECOM001.ECOM
ECOM,SAL30700
CWSP,XBATCWSP.CWSP
ECOM,SAL10830
ECOM,XECOM002.ECOM
ECOM,SAL31800
ECOM,SAL11700
ECOM,EPX84000
LIFE,LIF00120
LIFE,LIF00230
ECOM,SALW0002
FINANCE,NTCVED01
FINANCE,SCC01100
CWSP,CWSLYN20
FINANCE,SIHJ0002
CWSENTF,X NTENTS02
FINANCE,SIHS2550
BONUSOK,ZAR20400
FINANCE,SIHS3510
FINANCE,SIHS3575
FINANCE,NTCNCD01
SIHSANN,SIHS6120
FINANCE,SIHS6210
SIHSINT,DBINTL02.REQ
FINANCE,SIHC5100
FINANCE,SIHJ0003
FINANCE,SIHJ0004
STATAX,SIHS8311
FINANCE,SIHJ0010
DAILY,CICSSTAT
DAILY,SMFJSTAT
DAILY,SMF0100P
DAILY,DISDAILY
DAILY,SMSDEL01
AUTOSCL,PAP506M
MONTHLY,POP880
AUTOSCL,SPAULDMC
AUTOSCL,SPAULDWC
AUTOSCL,PAP506Y
AUTOSCL,SPASGTMS
SYMPPUL,L CWSWSDOC.PROD
CWSOUTB,D $NO$RLSE
MONTHLY,TRK30000
BCHDATE,OPUFDV01
LIFE,NTUHCLS1
DAILY,OPUNIINC
DAILY,UNI04000
URIRECV,URIW003D
LIFE,LIF21030
LIFE,LXM00016
LIFE,UZA00020
LIFE,UZM00023
LIFE,UZM00024
LIFE,UZA00021
LIFE,UZA00022
PYANN,VFSALOD2
CWSP,DOCDUEDT
OLINES,POP920
AGENCY,XCRTAGEN.AGENCY
AUTOSCL,XCRTAUTO.AUTOSCL
OLINES,DBOLPQ01.REQ1
ECOM,XCRTECOM.ECOM
LIFECNI,XI1284.CNI
LIFECNS,XI1284.CNS
LIFE,XCRTLIFE.LIFE
PAYROLL,XCRTPAYR.PAYROLL
PMIHCP,XCRTPMI.PMIHCP
MONTHLY,ZAR20150
MONTHLY,ZAC05100
MONTHLY,ZAR06730
MONTHLY,ZAR07250
MONTHLY,ZAC07360
MONTHLY,DBAGTQ09.EOM1
MONTHLY,DBAGTQ09.EOM2
FINSERV,EFT00954
FINANCE,SIHS3200
MONTHLY,ZAC08700
FINANCE,SIHS3000
MONTHLY,ZAR20110
MONTHLY,ZAC13600
MONTHLY,ZAR13500
MONTHLY,ZAR20160
MONTHLY,ZAC14630
MONTHLY,ZAC14650
MONTHLY,ZAS14690
MONTHLY,ZAR17400
MONTHLY,ZAR20120
MONTHLY,ZAC19200
MONTHLY,ZAC19700
MONTHLY,ZAR20130
MONTHLY,MUC55700
MONTHLY,ZAR79000
MONTHLY,ZAR81000
MONTHLY,MMR10900
MONTHLY,MPR6602F
MONTHLY,ZAR1032F
MONTHLY,ZAR10330
MONTHLY,ZAS20000
MONTHLY,ZAS20010
MONTHLY,ZAR20140
MONTHLY,ZAR20170
MONTHLY,ZAR29000
MONTHLY,ZAS14100
MONTHLY,ZAR16100
MONTHLY,ZAR20100
MONTHLY,ZAR30020
COMREQ3,MCY24600.REQ
MONTHLY,ZAR50000
MONTHLY,ZAR50050
MONTHLY,ZAR73200
MONTHLY,ZAR73300
MONTHLY,ZAR73000
MONTHLY,ZAS74200
ZAS20SC,L $NO$RLSE
ZOS7FTP,ZOS07UPD
